{"children":[{"id":2,"guid":"0W2lh-vXaB1W","title":"Bookmarks Menu","index":0,"dateAdded":1432241441958000,"lastModified":1432241442316000,"type":"text/x-moz-place-container","root":"bookmarksMenuFolder","children":[{"id":13,"guid":"u4f5nKy_1lzT","title":"Recently Bookmarked","index":0,"dateAdded":1432241442301000,"lastModified":1432241442301000,"annos":[{"name":"Places/SmartBookmark","flags":0,"expires":4,"value":"RecentlyBookmarked"}],"type":"text/x-moz-place","uri":"place:folder=BOOKMARKS_MENU&folder=UNFILED_BOOKMARKS&folder=TOOLBAR&queryType=1&sort=12&maxResults=10&excludeQueries=1"},{"id":14,"guid":"B1fRAWy_Uy2L","title":"Recent Tags","index":1,"dateAdded":1432241442301000,"lastModified":1432241442301000,"annos":[{"name":"Places/SmartBookmark","flags":0,"expires":4,"value":"RecentTags"}],"type":"text/x-moz-place","uri":"place:type=6&sort=14&maxResults=10"},{"id":15,"guid":"pLsvQ7NLT_eb","title":"","index":2,"dateAdded":1432241442316000,"lastModified":1432241442316000,"type":"text/x-moz-place-separator"},{"id":7,"guid":"j6zIKvDhS1WF","title":"Mozilla Firefox","index":3,"dateAdded":1432241442285000,"lastModified":1432241442285000,"type":"text/x-moz-place-container","children":[{"id":8,"guid":"u1e8g991zvwq","title":"Help and Tutorials","index":0,"dateAdded":1432241442285000,"lastModified":1432241442285000,"type":"text/x-moz-place","uri":"https://www.mozilla.org/en-US/firefox/help/","iconuri":"http://www.mozilla.org/2005/made-up-favicon/0-1432241442289"},{"id":9,"guid":"dmCI6xYLK-ZG","title":"Customize Firefox","index":1,"dateAdded":1432241442285000,"lastModified":1432241442285000,"type":"text/x-moz-place","uri":"https://www.mozilla.org/en-US/firefox/customize/","iconuri":"http://www.mozilla.org/2005/made-up-favicon/1-1432241442291"},{"id":10,"guid":"h250yPrKhU45","title":"Get Involved","index":2,"dateAdded":1432241442285000,"lastModified":1432241442285000,"type":"text/x-moz-place","uri":"https://www.mozilla.org/en-US/contribute/","iconuri":"http://www.mozilla.org/2005/made-up-favicon/2-1432241442293"},{"id":11,"guid":"48JVxkBozjHP","title":"About Us","index":3,"dateAdded":1432241442285000,"lastModified":1432241442285000,"type":"text/x-moz-place","uri":"https://www.mozilla.org/en-US/about/","iconuri":"http://www.mozilla.org/2005/made-up-favicon/3-1432241442295"}]}]},{"id":3,"guid":"KfPcOzPrp98b","title":"Bookmarks Toolbar","index":1,"dateAdded":1432241441958000,"lastModified":1432241442301000,"annos":[{"name":"bookmarkProperties/description","flags":0,"expires":4,"value":"Add bookmarks to this folder to see them displayed on the Bookmarks Toolbar"}],"type":"text/x-moz-place-container","root":"toolbarFolder","children":[{"id":12,"guid":"KgkBiWjMH_HW","title":"Most Visited","index":0,"dateAdded":1432241442301000,"lastModified":1432241442301000,"annos":[{"name":"Places/SmartBookmark","flags":0,"expires":4,"value":"MostVisited"}],"type":"text/x-moz-place","uri":"place:sort=8&maxResults=10"},{"id":6,"guid":"FOUtR0XBJ7To","title":"Getting Started","index":1,"dateAdded":1432241442285000,"lastModified":1432241442285000,"type":"text/x-moz-place","uri":"https://www.mozilla.org/en-US/firefox/central/"}]},{"id":5,"guid":"6chOC1DEs16p","title":"Unsorted Bookmarks","index":3,"dateAdded":1432241441958000,"lastModified":1432241442270000,"type":"text/x-moz-place-container","root":"unfiledBookmarksFolder"}]}