﻿<?xml version="1.0"?>
<!DOCTYPE Report
[
<!ELEMENT Report (General ,(Doc|BPT)) >
<!ATTLIST Report ver CDATA #REQUIRED tmZone CDATA #REQUIRED>

<!ELEMENT General ( DocLocation ) >
<!ATTLIST General productName CDATA #REQUIRED productVer CDATA #REQUIRED os CDATA #REQUIRED host CDATA #REQUIRED>

<!ELEMENT BPT (DName,Res,DVer?,TSet?,TInst?,NodeArgs,AdditionalInfo*,Doc*) >
<!ATTLIST BPT rID ID #REQUIRED >

<!ELEMENT Doc (DName,Res,DVer?,TSet?,TInst?,RunType?,DT?,AdditionalInfo*,Step*,DIter*,Step*,Action*,Summary?,TestMaintenanceSummary*,NodeArgs?) >
<!ATTLIST Doc rID ID #REQUIRED type (Test|BC) "Test" productName CDATA #REQUIRED BCIter CDATA #IMPLIED >

<!ELEMENT RunType ( #PCDATA )>
<!ATTLIST RunType fmStep (False|True) "False" batch (False|True) "False" upDesc (False|True) "False" upChk (False|True) "False" upAS (False|True) "False">

<!ELEMENT DName ( #PCDATA ) >

<!ELEMENT Res ( #PCDATA ) >

<!ELEMENT AdditionalInfo (AdditionalDataName,AdditionalDataValue ) >

<!ELEMENT AdditionalDataName ( #PCDATA ) >

<!ELEMENT AdditionalDataValue ( #PCDATA ) >

<!ELEMENT DVer ( #PCDATA ) >

<!ELEMENT TSet ( #PCDATA ) >

<!ELEMENT TInst ( #PCDATA ) >

<!ELEMENT DIter (Step?,Action+,Summary?,NodeArgs)>
<!ATTLIST DIter rID ID #REQUIRED iterID CDATA #REQUIRED>

<!ELEMENT DocLocation ( #PCDATA )>

<!ELEMENT Action (AName,AIter*,(Step|HtmlStep|Action)*,Summary,ActionMaintenanceSummary*,NodeArgs ) >
<!ATTLIST Action rID ID #REQUIRED>

<!ELEMENT AIter ((Step|HtmlStep|Action)*,Summary?,NodeArgs) >
<!ATTLIST AIter rID ID #REQUIRED iterID CDATA #REQUIRED>

<!ELEMENT AName ( #PCDATA ) >

<!ELEMENT TestMaintenanceSummary (ActionMaintenanceSummary) >
<!ATTLIST TestMaintenanceSummary ObjectsAdded CDATA #REQUIRED ObjectsUpdated CDATA #REQUIRED StepsUpdated CDATA #REQUIRED StepsComments CDATA #REQUIRED><!ELEMENT ActionMaintenanceSummary (ObjectChange* ) >
<!ATTLIST ActionMaintenanceSummary Action CDATA #REQUIRED Objects CDATA #REQUIRED Updated CDATA #REQUIRED LinesTotal CDATA #REQUIRED Added CDATA #REQUIRED LinesUpdated CDATA #REQUIRED>

<!ELEMENT ObjectChange  (Hierarchy, PropertyChangeList* ) >
<!ATTLIST ObjectChange Operation CDATA #IMPLIED OriginalRepository CDATA #IMPLIED>

<!ELEMENT PropertyChangeList (PropertyDef) >

<!ELEMENT PropertyDef (OriginalValue, NewValue) >
<!ATTLIST PropertyDef PropName CDATA #REQUIRED OriginRegularExpression (True|False) "False" NewRegularExpression (True|False) "False" >

<!ELEMENT OriginalValue ( #PCDATA )>

<!ELEMENT NewValue ( #PCDATA )>

<!ELEMENT Hierarchy  (ObjectName, Hierarchy*) >
<!ATTLIST Hierarchy MicClass CDATA #REQUIRED>

<!ELEMENT ObjectName  ( #PCDATA ) >

<!ELEMENT Step (Obj,Details,Time,(Step|HtmlStep|Doc)*,NodeArgs) >
<!ATTLIST Step rID ID #REQUIRED retval CDATA #IMPLIED>

<!ELEMENT HtmlStep (HTML,(Step|HtmlStep|Doc)*,NodeArgs) >
<!ATTLIST HtmlStep rID ID #REQUIRED >

<!ELEMENT Obj ( #PCDATA ) >
<!ATTLIST Obj plainTxt (False|True) "True">

<!ELEMENT Details ( #PCDATA ) >
<!ATTLIST Details plainTxt (False|True) "True">

<!ELEMENT Time ( #PCDATA ) >

<!ELEMENT HTML ( #PCDATA ) >

<!ELEMENT Disp ( #PCDATA ) >

<!ELEMENT NodeArgs (Disp,TopPane?,BtmPane?)>
<!ATTLIST NodeArgs eType CDATA #REQUIRED icon CDATA #REQUIRED nRep CDATA #REQUIRED filter (False|True) "True">
<!ATTLIST NodeArgs status (Passed|Failed|Done|Warning|Information) "Done">
<!ATTLIST NodeArgs iconSel CDATA #IMPLIED nType CDATA #IMPLIED MovieMarker CDATA "">

<!ELEMENT TopPane (Path)>

<!ELEMENT BtmPane ( (Path|WR)?,ASHilite?)>
<!ATTLIST BtmPane vType CDATA "HTML">

<!ELEMENT Path ( #PCDATA ) >

<!ELEMENT ASHilite ( #PCDATA ) >

<!ELEMENT WR ( #PCDATA ) >

<!ELEMENT DT (NodeArgs) >
<!ATTLIST DT rID ID #REQUIRED>

<!ELEMENT Summary (Param*)>
<!ATTLIST Summary sTime CDATA #IMPLIED eTime CDATA #IMPLIED passed CDATA #IMPLIED failed CDATA #IMPLIED warnings CDATA #IMPLIED retval CDATA #IMPLIED stopped (False|True) "False" >

<!ELEMENT Param (ParamName,ParamVal)+ >
<!ATTLIST Param paramInOut (In|Out) "In">

<!ELEMENT ParamName ( #PCDATA ) >

<!ELEMENT ParamVal ( #PCDATA ) >

]
>
<Report ver="2.0" tmZone="Central Standard Time">
<General productName="Vugen" productVer="12" os="" host="MAINALI-PC"><DocLocation><![CDATA[C:\TrueClient\HPSR1_list_loop_TCIE1202_v01]]></DocLocation></General>
<Doc rID="T1"   productName= "Vugen"  >
<DName><![CDATA[HPSR1_list_loop_TCIE1202_v01]]></DName>
<Res><![CDATA[result1]]></Res>
<Action rID="T2">
<AName><![CDATA[vuser_init]]></AName>
<Step rID="T3">
<Obj plainTxt="False" ><![CDATA[Navigate]]></Obj>
<Details plainTxt="False" ><![CDATA[4: Navigate to "http://stormhelp.saas.h...html/links.html" was finished]]></Details>
<Time><![CDATA[5/14/2015 - 3:01:38]]></Time>
<NodeArgs eType="General" icon="0" nRep="6" status="Passed" >
<Disp><![CDATA[Navigate]]></Disp>
</NodeArgs>
</Step>
<Summary sTime="5/14/2015 - 3:01:34" eTime="5/14/2015 - 3:01:38" passed="1" failed="0" warnings="0" ></Summary>
<NodeArgs eType="StartAction" icon="2" nRep="5" status="Passed" >
<Disp><![CDATA[vuser_init Summary]]></Disp>
</NodeArgs>
</Action>
<Action rID="T4">
<AName><![CDATA[Action]]></AName>
<AIter rID="T5" iterID="1" >
<Step rID="T6">
<Obj plainTxt="False" ><![CDATA[Navigate]]></Obj>
<Details plainTxt="False" ><![CDATA[1: Navigate to "http://stormhelp.saas.h...html/links.html" was finished]]></Details>
<Time><![CDATA[5/14/2015 - 3:01:39]]></Time>
<NodeArgs eType="General" icon="0" nRep="10" status="Passed" >
<Disp><![CDATA[Navigate]]></Disp>
</NodeArgs>
</Step>
<Step rID="T7">
<Obj plainTxt="False" ><![CDATA[Click]]></Obj>
<Details plainTxt="False" ><![CDATA[2.1: Click on Link 1   this is an examp... link was finished]]></Details>
<Time><![CDATA[5/14/2015 - 3:01:40]]></Time>
<NodeArgs eType="General" icon="0" nRep="11" status="Passed" >
<Disp><![CDATA[Click]]></Disp>
</NodeArgs>
</Step>
<Step rID="T8">
<Obj plainTxt="False" ><![CDATA[Click]]></Obj>
<Details plainTxt="False" ><![CDATA[2.3: Click on Back to Links page link was finished]]></Details>
<Time><![CDATA[5/14/2015 - 3:01:42]]></Time>
<NodeArgs eType="General" icon="0" nRep="12" status="Passed" >
<Disp><![CDATA[Click]]></Disp>
</NodeArgs>
</Step>
<Step rID="T9">
<Obj plainTxt="False" ><![CDATA[Click]]></Obj>
<Details plainTxt="False" ><![CDATA[2.1: Click on Link 1   this is an examp... link was finished]]></Details>
<Time><![CDATA[5/14/2015 - 3:01:43]]></Time>
<NodeArgs eType="General" icon="0" nRep="13" status="Passed" >
<Disp><![CDATA[Click]]></Disp>
</NodeArgs>
</Step>
<Step rID="T10">
<Obj plainTxt="False" ><![CDATA[Click]]></Obj>
<Details plainTxt="False" ><![CDATA[2.3: Click on Back to Links page link was finished]]></Details>
<Time><![CDATA[5/14/2015 - 3:01:45]]></Time>
<NodeArgs eType="General" icon="0" nRep="14" status="Passed" >
<Disp><![CDATA[Click]]></Disp>
</NodeArgs>
</Step>
<Step rID="T11">
<Obj plainTxt="False" ><![CDATA[Click]]></Obj>
<Details plainTxt="False" ><![CDATA[2.1: Click on Link 1   this is an examp... link was finished]]></Details>
<Time><![CDATA[5/14/2015 - 3:01:46]]></Time>
<NodeArgs eType="General" icon="0" nRep="15" status="Passed" >
<Disp><![CDATA[Click]]></Disp>
</NodeArgs>
</Step>
<Step rID="T12">
<Obj plainTxt="False" ><![CDATA[Click]]></Obj>
<Details plainTxt="False" ><![CDATA[2.3: Click on Back to Links page link was finished]]></Details>
<Time><![CDATA[5/14/2015 - 3:01:47]]></Time>
<NodeArgs eType="General" icon="0" nRep="16" status="Passed" >
<Disp><![CDATA[Click]]></Disp>
</NodeArgs>
</Step>
<Step rID="T13">
<Obj plainTxt="False" ><![CDATA[Click]]></Obj>
<Details plainTxt="False" ><![CDATA[2.1: Click on Link 1   this is an examp... link was finished]]></Details>
<Time><![CDATA[5/14/2015 - 3:01:49]]></Time>
<NodeArgs eType="General" icon="0" nRep="17" status="Passed" >
<Disp><![CDATA[Click]]></Disp>
</NodeArgs>
</Step>
<Step rID="T14">
<Obj plainTxt="False" ><![CDATA[Click]]></Obj>
<Details plainTxt="False" ><![CDATA[2.3: Click on Back to Links page link was finished]]></Details>
<Time><![CDATA[5/14/2015 - 3:01:50]]></Time>
<NodeArgs eType="General" icon="0" nRep="18" status="Passed" >
<Disp><![CDATA[Click]]></Disp>
</NodeArgs>
</Step>
<Step rID="T15">
<Obj plainTxt="False" ><![CDATA[Click]]></Obj>
<Details plainTxt="False" ><![CDATA[2.1: Click on Link 1   this is an examp... link was finished]]></Details>
<Time><![CDATA[5/14/2015 - 3:01:52]]></Time>
<NodeArgs eType="General" icon="0" nRep="19" status="Passed" >
<Disp><![CDATA[Click]]></Disp>
</NodeArgs>
</Step>
<Step rID="T16">
<Obj plainTxt="False" ><![CDATA[Click]]></Obj>
<Details plainTxt="False" ><![CDATA[2.3: Click on Back to Links page link was finished]]></Details>
<Time><![CDATA[5/14/2015 - 3:01:53]]></Time>
<NodeArgs eType="General" icon="0" nRep="20" status="Passed" >
<Disp><![CDATA[Click]]></Disp>
</NodeArgs>
</Step>
<Step rID="T17">
<Obj plainTxt="False" ><![CDATA[Click]]></Obj>
<Details plainTxt="False" ><![CDATA[2.1: Click on Link 1   this is an examp... link was finished]]></Details>
<Time><![CDATA[5/14/2015 - 3:01:55]]></Time>
<NodeArgs eType="General" icon="0" nRep="21" status="Passed" >
<Disp><![CDATA[Click]]></Disp>
</NodeArgs>
</Step>
<Step rID="T18">
<Obj plainTxt="False" ><![CDATA[Click]]></Obj>
<Details plainTxt="False" ><![CDATA[2.3: Click on Back to Links page link was finished]]></Details>
<Time><![CDATA[5/14/2015 - 3:02:03]]></Time>
<NodeArgs eType="General" icon="0" nRep="22" status="Passed" >
<Disp><![CDATA[Click]]></Disp>
</NodeArgs>
</Step>
<Step rID="T19">
<Obj plainTxt="False" ><![CDATA[Click]]></Obj>
<Details plainTxt="False" ><![CDATA[2.1: Click on Link 1   this is an examp... link was finished]]></Details>
<Time><![CDATA[5/14/2015 - 3:02:05]]></Time>
<NodeArgs eType="General" icon="0" nRep="23" status="Passed" >
<Disp><![CDATA[Click]]></Disp>
</NodeArgs>
</Step>
<Step rID="T20">
<Obj plainTxt="False" ><![CDATA[Click]]></Obj>
<Details plainTxt="False" ><![CDATA[2.3: Click on Back to Links page link was finished]]></Details>
<Time><![CDATA[5/14/2015 - 3:02:07]]></Time>
<NodeArgs eType="General" icon="0" nRep="24" status="Passed" >
<Disp><![CDATA[Click]]></Disp>
</NodeArgs>
</Step>
<Step rID="T21">
<Obj plainTxt="False" ><![CDATA[Click]]></Obj>
<Details plainTxt="False" ><![CDATA[2.1: Click on Link 1   this is an examp... link was finished]]></Details>
<Time><![CDATA[5/14/2015 - 3:02:08]]></Time>
<NodeArgs eType="General" icon="0" nRep="25" status="Passed" >
<Disp><![CDATA[Click]]></Disp>
</NodeArgs>
</Step>
<Step rID="T22">
<Obj plainTxt="False" ><![CDATA[Click]]></Obj>
<Details plainTxt="False" ><![CDATA[2.3: Click on Back to Links page link was finished]]></Details>
<Time><![CDATA[5/14/2015 - 3:02:10]]></Time>
<NodeArgs eType="General" icon="0" nRep="26" status="Passed" >
<Disp><![CDATA[Click]]></Disp>
</NodeArgs>
</Step>
<Step rID="T23">
<Obj plainTxt="False" ><![CDATA[Click]]></Obj>
<Details plainTxt="False" ><![CDATA[3: Click on Link 1   this is an examp... link was finished]]></Details>
<Time><![CDATA[5/14/2015 - 3:02:11]]></Time>
<NodeArgs eType="General" icon="0" nRep="27" status="Passed" >
<Disp><![CDATA[Click]]></Disp>
</NodeArgs>
</Step>
<Step rID="T24">
<Obj plainTxt="False" ><![CDATA[Click]]></Obj>
<Details plainTxt="False" ><![CDATA[4: Click on Back to Links page link was finished]]></Details>
<Time><![CDATA[5/14/2015 - 3:02:12]]></Time>
<NodeArgs eType="General" icon="0" nRep="28" status="Passed" >
<Disp><![CDATA[Click]]></Disp>
</NodeArgs>
</Step>
<Step rID="T25">
<Obj plainTxt="False" ><![CDATA[Navigate]]></Obj>
<Details plainTxt="False" ><![CDATA[1: Navigate to "http://stormhelp.saas.h...html/links.html" was finished]]></Details>
<Time><![CDATA[5/14/2015 - 3:02:14]]></Time>
<NodeArgs eType="General" icon="0" nRep="29" status="Passed" >
<Disp><![CDATA[Navigate]]></Disp>
</NodeArgs>
</Step>
<Step rID="T26">
<Obj plainTxt="False" ><![CDATA[Click]]></Obj>
<Details plainTxt="False" ><![CDATA[2.1: Click on Link 1   this is an examp... link was finished]]></Details>
<Time><![CDATA[5/14/2015 - 3:02:15]]></Time>
<NodeArgs eType="General" icon="0" nRep="30" status="Passed" >
<Disp><![CDATA[Click]]></Disp>
</NodeArgs>
</Step>
<Step rID="T27">
<Obj plainTxt="False" ><![CDATA[Click]]></Obj>
<Details plainTxt="False" ><![CDATA[2.2: Click on Back to Links page link was finished]]></Details>
<Time><![CDATA[5/14/2015 - 3:02:17]]></Time>
<NodeArgs eType="General" icon="0" nRep="31" status="Passed" >
<Disp><![CDATA[Click]]></Disp>
</NodeArgs>
</Step>
<Step rID="T28">
<Obj plainTxt="False" ><![CDATA[Click]]></Obj>
<Details plainTxt="False" ><![CDATA[2.1: Click on Link 1   this is an examp... link was finished]]></Details>
<Time><![CDATA[5/14/2015 - 3:02:18]]></Time>
<NodeArgs eType="General" icon="0" nRep="32" status="Passed" >
<Disp><![CDATA[Click]]></Disp>
</NodeArgs>
</Step>
<Step rID="T29">
<Obj plainTxt="False" ><![CDATA[Click]]></Obj>
<Details plainTxt="False" ><![CDATA[2.2: Click on Back to Links page link was finished]]></Details>
<Time><![CDATA[5/14/2015 - 3:02:20]]></Time>
<NodeArgs eType="General" icon="0" nRep="33" status="Passed" >
<Disp><![CDATA[Click]]></Disp>
</NodeArgs>
</Step>
<Step rID="T30">
<Obj plainTxt="False" ><![CDATA[Click]]></Obj>
<Details plainTxt="False" ><![CDATA[2.1: Click on Link 1   this is an examp... link was finished]]></Details>
<Time><![CDATA[5/14/2015 - 3:02:23]]></Time>
<NodeArgs eType="General" icon="0" nRep="34" status="Passed" >
<Disp><![CDATA[Click]]></Disp>
</NodeArgs>
</Step>
<Step rID="T31">
<Obj plainTxt="False" ><![CDATA[Click]]></Obj>
<Details plainTxt="False" ><![CDATA[2.2: Click on Back to Links page link was finished]]></Details>
<Time><![CDATA[5/14/2015 - 3:02:25]]></Time>
<NodeArgs eType="General" icon="0" nRep="35" status="Passed" >
<Disp><![CDATA[Click]]></Disp>
</NodeArgs>
</Step>
<Step rID="T32">
<Obj plainTxt="False" ><![CDATA[Click]]></Obj>
<Details plainTxt="False" ><![CDATA[2.1: Click on Link 1   this is an examp... link was finished]]></Details>
<Time><![CDATA[5/14/2015 - 3:02:29]]></Time>
<NodeArgs eType="General" icon="0" nRep="36" status="Passed" >
<Disp><![CDATA[Click]]></Disp>
</NodeArgs>
</Step>
<Step rID="T33">
<Obj plainTxt="False" ><![CDATA[Click]]></Obj>
<Details plainTxt="False" ><![CDATA[2.2: Click on Back to Links page link was finished]]></Details>
<Time><![CDATA[5/14/2015 - 3:02:31]]></Time>
<NodeArgs eType="General" icon="0" nRep="37" status="Passed" >
<Disp><![CDATA[Click]]></Disp>
</NodeArgs>
</Step>
<Step rID="T34">
<Obj plainTxt="False" ><![CDATA[Click]]></Obj>
<Details plainTxt="False" ><![CDATA[2.1: Click on Link 1   this is an examp... link was finished]]></Details>
<Time><![CDATA[5/14/2015 - 3:02:32]]></Time>
<NodeArgs eType="General" icon="0" nRep="38" status="Passed" >
<Disp><![CDATA[Click]]></Disp>
</NodeArgs>
</Step>
<Step rID="T35">
<Obj plainTxt="False" ><![CDATA[Click]]></Obj>
<Details plainTxt="False" ><![CDATA[2.2: Click on Back to Links page link was finished]]></Details>
<Time><![CDATA[5/14/2015 - 3:02:36]]></Time>
<NodeArgs eType="General" icon="0" nRep="39" status="Passed" >
<Disp><![CDATA[Click]]></Disp>
</NodeArgs>
</Step>
<Step rID="T36">
<Obj plainTxt="False" ><![CDATA[Click]]></Obj>
<Details plainTxt="False" ><![CDATA[2.1: Click on Link 1   this is an examp... link was finished]]></Details>
<Time><![CDATA[5/14/2015 - 3:02:37]]></Time>
<NodeArgs eType="General" icon="0" nRep="40" status="Passed" >
<Disp><![CDATA[Click]]></Disp>
</NodeArgs>
</Step>
<Step rID="T37">
<Obj plainTxt="False" ><![CDATA[Click]]></Obj>
<Details plainTxt="False" ><![CDATA[2.2: Click on Back to Links page link was finished]]></Details>
<Time><![CDATA[5/14/2015 - 3:02:39]]></Time>
<NodeArgs eType="General" icon="0" nRep="41" status="Passed" >
<Disp><![CDATA[Click]]></Disp>
</NodeArgs>
</Step>
<Step rID="T38">
<Obj plainTxt="False" ><![CDATA[Click]]></Obj>
<Details plainTxt="False" ><![CDATA[2.1: Click on Link 1   this is an examp... link was finished]]></Details>
<Time><![CDATA[5/14/2015 - 3:02:40]]></Time>
<NodeArgs eType="General" icon="0" nRep="42" status="Passed" >
<Disp><![CDATA[Click]]></Disp>
</NodeArgs>
</Step>
<Step rID="T39">
<Obj plainTxt="False" ><![CDATA[Click]]></Obj>
<Details plainTxt="False" ><![CDATA[2.2: Click on Back to Links page link was finished]]></Details>
<Time><![CDATA[5/14/2015 - 3:02:41]]></Time>
<NodeArgs eType="General" icon="0" nRep="43" status="Passed" >
<Disp><![CDATA[Click]]></Disp>
</NodeArgs>
</Step>
<Step rID="T40">
<Obj plainTxt="False" ><![CDATA[Click]]></Obj>
<Details plainTxt="False" ><![CDATA[2.1: Click on Link 1   this is an examp... link was finished]]></Details>
<Time><![CDATA[5/14/2015 - 3:02:42]]></Time>
<NodeArgs eType="General" icon="0" nRep="44" status="Passed" >
<Disp><![CDATA[Click]]></Disp>
</NodeArgs>
</Step>
<Step rID="T41">
<Obj plainTxt="False" ><![CDATA[Click]]></Obj>
<Details plainTxt="False" ><![CDATA[2.2: Click on Back to Links page link was finished]]></Details>
<Time><![CDATA[5/14/2015 - 3:02:44]]></Time>
<NodeArgs eType="General" icon="0" nRep="45" status="Passed" >
<Disp><![CDATA[Click]]></Disp>
</NodeArgs>
</Step>
<Step rID="T42">
<Obj plainTxt="False" ><![CDATA[Click]]></Obj>
<Details plainTxt="False" ><![CDATA[3: Click on Link 1   this is an examp... link was finished]]></Details>
<Time><![CDATA[5/14/2015 - 3:02:45]]></Time>
<NodeArgs eType="General" icon="0" nRep="46" status="Passed" >
<Disp><![CDATA[Click]]></Disp>
</NodeArgs>
</Step>
<Step rID="T43">
<Obj plainTxt="False" ><![CDATA[Click]]></Obj>
<Details plainTxt="False" ><![CDATA[4: Click on Back to Links page link was finished]]></Details>
<Time><![CDATA[5/14/2015 - 3:02:47]]></Time>
<NodeArgs eType="General" icon="0" nRep="47" status="Passed" >
<Disp><![CDATA[Click]]></Disp>
</NodeArgs>
</Step>
<Step rID="T44">
<Obj plainTxt="False" ><![CDATA[Navigate]]></Obj>
<Details plainTxt="False" ><![CDATA[1: Navigate to "http://stormhelp.saas.h...html/links.html" was finished]]></Details>
<Time><![CDATA[5/14/2015 - 3:02:50]]></Time>
<NodeArgs eType="General" icon="0" nRep="48" status="Passed" >
<Disp><![CDATA[Navigate]]></Disp>
</NodeArgs>
</Step>
<Step rID="T45">
<Obj plainTxt="False" ><![CDATA[Click]]></Obj>
<Details plainTxt="False" ><![CDATA[2.1: Click on Link 1   this is an examp... link was finished]]></Details>
<Time><![CDATA[5/14/2015 - 3:02:59]]></Time>
<NodeArgs eType="General" icon="0" nRep="49" status="Passed" >
<Disp><![CDATA[Click]]></Disp>
</NodeArgs>
</Step>
<Step rID="T46">
<Obj plainTxt="False" ><![CDATA[Click]]></Obj>
<Details plainTxt="False" ><![CDATA[2.2: Click on Back to Links page link was finished]]></Details>
<Time><![CDATA[5/14/2015 - 3:03:00]]></Time>
<NodeArgs eType="General" icon="0" nRep="50" status="Passed" >
<Disp><![CDATA[Click]]></Disp>
</NodeArgs>
</Step>
<Step rID="T47">
<Obj plainTxt="False" ><![CDATA[Click]]></Obj>
<Details plainTxt="False" ><![CDATA[2.1: Click on Link 1   this is an examp... link was finished]]></Details>
<Time><![CDATA[5/14/2015 - 3:03:02]]></Time>
<NodeArgs eType="General" icon="0" nRep="51" status="Passed" >
<Disp><![CDATA[Click]]></Disp>
</NodeArgs>
</Step>
<Step rID="T48">
<Obj plainTxt="False" ><![CDATA[Click]]></Obj>
<Details plainTxt="False" ><![CDATA[2.2: Click on Back to Links page link was finished]]></Details>
<Time><![CDATA[5/14/2015 - 3:03:03]]></Time>
<NodeArgs eType="General" icon="0" nRep="52" status="Passed" >
<Disp><![CDATA[Click]]></Disp>
</NodeArgs>
</Step>
<Step rID="T49">
<Obj plainTxt="False" ><![CDATA[Click]]></Obj>
<Details plainTxt="False" ><![CDATA[2.1: Click on Link 1   this is an examp... link was finished]]></Details>
<Time><![CDATA[5/14/2015 - 3:03:04]]></Time>
<NodeArgs eType="General" icon="0" nRep="53" status="Passed" >
<Disp><![CDATA[Click]]></Disp>
</NodeArgs>
</Step>
<Step rID="T50">
<Obj plainTxt="False" ><![CDATA[Click]]></Obj>
<Details plainTxt="False" ><![CDATA[2.2: Click on Back to Links page link was finished]]></Details>
<Time><![CDATA[5/14/2015 - 3:03:05]]></Time>
<NodeArgs eType="General" icon="0" nRep="54" status="Passed" >
<Disp><![CDATA[Click]]></Disp>
</NodeArgs>
</Step>
<Step rID="T51">
<Obj plainTxt="False" ><![CDATA[Click]]></Obj>
<Details plainTxt="False" ><![CDATA[2.1: Click on Link 1   this is an examp... link was finished]]></Details>
<Time><![CDATA[5/14/2015 - 3:03:06]]></Time>
<NodeArgs eType="General" icon="0" nRep="55" status="Passed" >
<Disp><![CDATA[Click]]></Disp>
</NodeArgs>
</Step>
<Step rID="T52">
<Obj plainTxt="False" ><![CDATA[Click]]></Obj>
<Details plainTxt="False" ><![CDATA[2.2: Click on Back to Links page link was finished]]></Details>
<Time><![CDATA[5/14/2015 - 3:03:08]]></Time>
<NodeArgs eType="General" icon="0" nRep="56" status="Passed" >
<Disp><![CDATA[Click]]></Disp>
</NodeArgs>
</Step>
<Step rID="T53">
<Obj plainTxt="False" ><![CDATA[Click]]></Obj>
<Details plainTxt="False" ><![CDATA[2.1: Click on Link 1   this is an examp... link was finished]]></Details>
<Time><![CDATA[5/14/2015 - 3:03:09]]></Time>
<NodeArgs eType="General" icon="0" nRep="57" status="Passed" >
<Disp><![CDATA[Click]]></Disp>
</NodeArgs>
</Step>
<Step rID="T54">
<Obj plainTxt="False" ><![CDATA[Click]]></Obj>
<Details plainTxt="False" ><![CDATA[2.2: Click on Back to Links page link was finished]]></Details>
<Time><![CDATA[5/14/2015 - 3:03:10]]></Time>
<NodeArgs eType="General" icon="0" nRep="58" status="Passed" >
<Disp><![CDATA[Click]]></Disp>
</NodeArgs>
</Step>
<Step rID="T55">
<Obj plainTxt="False" ><![CDATA[Click]]></Obj>
<Details plainTxt="False" ><![CDATA[2.1: Click on Link 1   this is an examp... link was finished]]></Details>
<Time><![CDATA[5/14/2015 - 3:03:11]]></Time>
<NodeArgs eType="General" icon="0" nRep="59" status="Passed" >
<Disp><![CDATA[Click]]></Disp>
</NodeArgs>
</Step>
<Step rID="T56">
<Obj plainTxt="False" ><![CDATA[Click]]></Obj>
<Details plainTxt="False" ><![CDATA[2.2: Click on Back to Links page link was finished]]></Details>
<Time><![CDATA[5/14/2015 - 3:03:13]]></Time>
<NodeArgs eType="General" icon="0" nRep="60" status="Passed" >
<Disp><![CDATA[Click]]></Disp>
</NodeArgs>
</Step>
<Step rID="T57">
<Obj plainTxt="False" ><![CDATA[Click]]></Obj>
<Details plainTxt="False" ><![CDATA[2.1: Click on Link 1   this is an examp... link was finished]]></Details>
<Time><![CDATA[5/14/2015 - 3:03:15]]></Time>
<NodeArgs eType="General" icon="0" nRep="61" status="Passed" >
<Disp><![CDATA[Click]]></Disp>
</NodeArgs>
</Step>
<Step rID="T58">
<Obj plainTxt="False" ><![CDATA[Click]]></Obj>
<Details plainTxt="False" ><![CDATA[2.2: Click on Back to Links page link was finished]]></Details>
<Time><![CDATA[5/14/2015 - 3:03:30]]></Time>
<NodeArgs eType="General" icon="0" nRep="62" status="Passed" >
<Disp><![CDATA[Click]]></Disp>
</NodeArgs>
</Step>
<Step rID="T59">
<Obj plainTxt="False" ><![CDATA[Click]]></Obj>
<Details plainTxt="False" ><![CDATA[2.1: Click on Link 1   this is an examp... link was finished]]></Details>
<Time><![CDATA[5/14/2015 - 3:03:31]]></Time>
<NodeArgs eType="General" icon="0" nRep="63" status="Passed" >
<Disp><![CDATA[Click]]></Disp>
</NodeArgs>
</Step>
<Step rID="T60">
<Obj plainTxt="False" ><![CDATA[Click]]></Obj>
<Details plainTxt="False" ><![CDATA[2.2: Click on Back to Links page link was finished]]></Details>
<Time><![CDATA[5/14/2015 - 3:03:33]]></Time>
<NodeArgs eType="General" icon="0" nRep="64" status="Passed" >
<Disp><![CDATA[Click]]></Disp>
</NodeArgs>
</Step>
<Step rID="T61">
<Obj plainTxt="False" ><![CDATA[Click]]></Obj>
<Details plainTxt="False" ><![CDATA[3: Click on Link 1   this is an examp... link was finished]]></Details>
<Time><![CDATA[5/14/2015 - 3:03:34]]></Time>
<NodeArgs eType="General" icon="0" nRep="65" status="Passed" >
<Disp><![CDATA[Click]]></Disp>
</NodeArgs>
</Step>
<Step rID="T62">
<Obj plainTxt="False" ><![CDATA[Click]]></Obj>
<Details plainTxt="False" ><![CDATA[4: Click on Back to Links page link was finished]]></Details>
<Time><![CDATA[5/14/2015 - 3:03:35]]></Time>
<NodeArgs eType="General" icon="0" nRep="66" status="Passed" >
<Disp><![CDATA[Click]]></Disp>
</NodeArgs>
</Step>
<Step rID="T63">
<Obj plainTxt="False" ><![CDATA[Navigate]]></Obj>
<Details plainTxt="False" ><![CDATA[1: Navigate to "http://stormhelp.saas.h...html/links.html" was finished]]></Details>
<Time><![CDATA[5/14/2015 - 3:03:36]]></Time>
<NodeArgs eType="General" icon="0" nRep="67" status="Passed" >
<Disp><![CDATA[Navigate]]></Disp>
</NodeArgs>
</Step>
<Step rID="T64">
<Obj plainTxt="False" ><![CDATA[Click]]></Obj>
<Details plainTxt="False" ><![CDATA[2.1: Click on Link 1   this is an examp... link was finished]]></Details>
<Time><![CDATA[5/14/2015 - 3:03:37]]></Time>
<NodeArgs eType="General" icon="0" nRep="68" status="Passed" >
<Disp><![CDATA[Click]]></Disp>
</NodeArgs>
</Step>
<Step rID="T65">
<Obj plainTxt="False" ><![CDATA[Click]]></Obj>
<Details plainTxt="False" ><![CDATA[2.2: Click on Back to Links page link was finished]]></Details>
<Time><![CDATA[5/14/2015 - 3:03:39]]></Time>
<NodeArgs eType="General" icon="0" nRep="69" status="Passed" >
<Disp><![CDATA[Click]]></Disp>
</NodeArgs>
</Step>
<Step rID="T66">
<Obj plainTxt="False" ><![CDATA[Click]]></Obj>
<Details plainTxt="False" ><![CDATA[2.1: Click on Link 1   this is an examp... link was finished]]></Details>
<Time><![CDATA[5/14/2015 - 3:03:40]]></Time>
<NodeArgs eType="General" icon="0" nRep="70" status="Passed" >
<Disp><![CDATA[Click]]></Disp>
</NodeArgs>
</Step>
<Step rID="T67">
<Obj plainTxt="False" ><![CDATA[Click]]></Obj>
<Details plainTxt="False" ><![CDATA[2.2: Click on Back to Links page link was finished]]></Details>
<Time><![CDATA[5/14/2015 - 3:03:41]]></Time>
<NodeArgs eType="General" icon="0" nRep="71" status="Passed" >
<Disp><![CDATA[Click]]></Disp>
</NodeArgs>
</Step>
<Step rID="T68">
<Obj plainTxt="False" ><![CDATA[Click]]></Obj>
<Details plainTxt="False" ><![CDATA[2.1: Click on Link 1   this is an examp... link was finished]]></Details>
<Time><![CDATA[5/14/2015 - 3:03:42]]></Time>
<NodeArgs eType="General" icon="0" nRep="72" status="Passed" >
<Disp><![CDATA[Click]]></Disp>
</NodeArgs>
</Step>
<Step rID="T69">
<Obj plainTxt="False" ><![CDATA[Click]]></Obj>
<Details plainTxt="False" ><![CDATA[2.2: Click on Back to Links page link was finished]]></Details>
<Time><![CDATA[5/14/2015 - 3:03:44]]></Time>
<NodeArgs eType="General" icon="0" nRep="73" status="Passed" >
<Disp><![CDATA[Click]]></Disp>
</NodeArgs>
</Step>
<Step rID="T70">
<Obj plainTxt="False" ><![CDATA[Click]]></Obj>
<Details plainTxt="False" ><![CDATA[2.1: Click on Link 1   this is an examp... link was finished]]></Details>
<Time><![CDATA[5/14/2015 - 3:03:45]]></Time>
<NodeArgs eType="General" icon="0" nRep="74" status="Passed" >
<Disp><![CDATA[Click]]></Disp>
</NodeArgs>
</Step>
<Step rID="T71">
<Obj plainTxt="False" ><![CDATA[Click]]></Obj>
<Details plainTxt="False" ><![CDATA[2.2: Click on Back to Links page link was finished]]></Details>
<Time><![CDATA[5/14/2015 - 3:03:51]]></Time>
<NodeArgs eType="General" icon="0" nRep="75" status="Passed" >
<Disp><![CDATA[Click]]></Disp>
</NodeArgs>
</Step>
<Step rID="T72">
<Obj plainTxt="False" ><![CDATA[Click]]></Obj>
<Details plainTxt="False" ><![CDATA[2.1: Click on Link 1   this is an examp... link was finished]]></Details>
<Time><![CDATA[5/14/2015 - 3:03:56]]></Time>
<NodeArgs eType="General" icon="0" nRep="76" status="Passed" >
<Disp><![CDATA[Click]]></Disp>
</NodeArgs>
</Step>
<Step rID="T73">
<Obj plainTxt="False" ><![CDATA[Click]]></Obj>
<Details plainTxt="False" ><![CDATA[2.2: Click on Back to Links page link was finished]]></Details>
<Time><![CDATA[5/14/2015 - 3:03:58]]></Time>
<NodeArgs eType="General" icon="0" nRep="77" status="Passed" >
<Disp><![CDATA[Click]]></Disp>
</NodeArgs>
</Step>
<Step rID="T74">
<Obj plainTxt="False" ><![CDATA[Click]]></Obj>
<Details plainTxt="False" ><![CDATA[2.1: Click on Link 1   this is an examp... link was finished]]></Details>
<Time><![CDATA[5/14/2015 - 3:04:00]]></Time>
<NodeArgs eType="General" icon="0" nRep="78" status="Passed" >
<Disp><![CDATA[Click]]></Disp>
</NodeArgs>
</Step>
<Step rID="T75">
<Obj plainTxt="False" ><![CDATA[Click]]></Obj>
<Details plainTxt="False" ><![CDATA[2.2: Click on Back to Links page link was finished]]></Details>
<Time><![CDATA[5/14/2015 - 3:04:01]]></Time>
<NodeArgs eType="General" icon="0" nRep="79" status="Passed" >
<Disp><![CDATA[Click]]></Disp>
</NodeArgs>
</Step>
<Step rID="T76">
<Obj plainTxt="False" ><![CDATA[Click]]></Obj>
<Details plainTxt="False" ><![CDATA[2.1: Click on Link 1   this is an examp... link was finished]]></Details>
<Time><![CDATA[5/14/2015 - 3:04:02]]></Time>
<NodeArgs eType="General" icon="0" nRep="80" status="Passed" >
<Disp><![CDATA[Click]]></Disp>
</NodeArgs>
</Step>
<Step rID="T77">
<Obj plainTxt="False" ><![CDATA[Click]]></Obj>
<Details plainTxt="False" ><![CDATA[2.2: Click on Back to Links page link was finished]]></Details>
<Time><![CDATA[5/14/2015 - 3:04:04]]></Time>
<NodeArgs eType="General" icon="0" nRep="81" status="Passed" >
<Disp><![CDATA[Click]]></Disp>
</NodeArgs>
</Step>
<Step rID="T78">
<Obj plainTxt="False" ><![CDATA[Click]]></Obj>
<Details plainTxt="False" ><![CDATA[2.1: Click on Link 1   this is an examp... link was finished]]></Details>
<Time><![CDATA[5/14/2015 - 3:04:05]]></Time>
<NodeArgs eType="General" icon="0" nRep="82" status="Passed" >
<Disp><![CDATA[Click]]></Disp>
</NodeArgs>
</Step>
<Step rID="T79">
<Obj plainTxt="False" ><![CDATA[Click]]></Obj>
<Details plainTxt="False" ><![CDATA[2.2: Click on Back to Links page link was finished]]></Details>
<Time><![CDATA[5/14/2015 - 3:04:06]]></Time>
<NodeArgs eType="General" icon="0" nRep="83" status="Passed" >
<Disp><![CDATA[Click]]></Disp>
</NodeArgs>
</Step>
<Step rID="T80">
<Obj plainTxt="False" ><![CDATA[Click]]></Obj>
<Details plainTxt="False" ><![CDATA[3: Click on Link 1   this is an examp... link was finished]]></Details>
<Time><![CDATA[5/14/2015 - 3:04:07]]></Time>
<NodeArgs eType="General" icon="0" nRep="84" status="Passed" >
<Disp><![CDATA[Click]]></Disp>
</NodeArgs>
</Step>
<Step rID="T81">
<Obj plainTxt="False" ><![CDATA[Click]]></Obj>
<Details plainTxt="False" ><![CDATA[4: Click on Back to Links page link was finished]]></Details>
<Time><![CDATA[5/14/2015 - 3:04:08]]></Time>
<NodeArgs eType="General" icon="0" nRep="85" status="Passed" >
<Disp><![CDATA[Click]]></Disp>
</NodeArgs>
</Step>
<NodeArgs eType="StartIteration" icon="3" nRep="9" status="Passed" >
<Disp><![CDATA[Action Iteration 1 (Row 1)]]></Disp>
</NodeArgs>
</AIter>
<Summary sTime="5/14/2015 - 3:01:38" eTime="5/14/2015 - 3:04:08" passed="76" failed="0" warnings="0" ></Summary>
<NodeArgs eType="StartAction" icon="2" nRep="8" status="Passed" >
<Disp><![CDATA[Action Summary]]></Disp>
</NodeArgs>
</Action>
<Action rID="T82">
<AName><![CDATA[vuser_end]]></AName>
<Summary sTime="5/14/2015 - 3:04:08" eTime="5/14/2015 - 3:04:08" passed="0" failed="0" warnings="0" ></Summary>
<NodeArgs eType="StartAction" icon="2" nRep="88" >
<Disp><![CDATA[vuser_end Summary]]></Disp>
</NodeArgs>
</Action>
<Summary sTime="5/14/2015 - 3:01:33" eTime="5/14/2015 - 3:04:09" passed="77" failed="0" warnings="0" ></Summary>
<NodeArgs eType="StartTest" icon="1" nRep="4" status="Passed" >
<Disp><![CDATA[Test HPSR1_list_loop_TCIE1202_v01 Summary]]></Disp>
</NodeArgs>
</Doc>
</Report>