﻿<?xml version="1.0"?>
<!DOCTYPE Report
[
<!ELEMENT Report (General ,(Doc|BPT)) >
<!ATTLIST Report ver CDATA #REQUIRED tmZone CDATA #REQUIRED>

<!ELEMENT General ( DocLocation ) >
<!ATTLIST General productName CDATA #REQUIRED productVer CDATA #REQUIRED os CDATA #REQUIRED host CDATA #REQUIRED>

<!ELEMENT BPT (DName,Res,DVer?,TSet?,TInst?,NodeArgs,AdditionalInfo*,Doc*) >
<!ATTLIST BPT rID ID #REQUIRED >

<!ELEMENT Doc (DName,Res,DVer?,TSet?,TInst?,RunType?,DT?,AdditionalInfo*,Step*,DIter*,Step*,Action*,Summary?,TestMaintenanceSummary*,NodeArgs?) >
<!ATTLIST Doc rID ID #REQUIRED type (Test|BC) "Test" productName CDATA #REQUIRED BCIter CDATA #IMPLIED >

<!ELEMENT RunType ( #PCDATA )>
<!ATTLIST RunType fmStep (False|True) "False" batch (False|True) "False" upDesc (False|True) "False" upChk (False|True) "False" upAS (False|True) "False">

<!ELEMENT DName ( #PCDATA ) >

<!ELEMENT Res ( #PCDATA ) >

<!ELEMENT AdditionalInfo (AdditionalDataName,AdditionalDataValue ) >

<!ELEMENT AdditionalDataName ( #PCDATA ) >

<!ELEMENT AdditionalDataValue ( #PCDATA ) >

<!ELEMENT DVer ( #PCDATA ) >

<!ELEMENT TSet ( #PCDATA ) >

<!ELEMENT TInst ( #PCDATA ) >

<!ELEMENT DIter (Step?,Action+,Summary?,NodeArgs)>
<!ATTLIST DIter rID ID #REQUIRED iterID CDATA #REQUIRED>

<!ELEMENT DocLocation ( #PCDATA )>

<!ELEMENT Action (AName,AIter*,(Step|HtmlStep|Action)*,Summary,ActionMaintenanceSummary*,NodeArgs ) >
<!ATTLIST Action rID ID #REQUIRED>

<!ELEMENT AIter ((Step|HtmlStep|Action)*,Summary?,NodeArgs) >
<!ATTLIST AIter rID ID #REQUIRED iterID CDATA #REQUIRED>

<!ELEMENT AName ( #PCDATA ) >

<!ELEMENT TestMaintenanceSummary (ActionMaintenanceSummary) >
<!ATTLIST TestMaintenanceSummary ObjectsAdded CDATA #REQUIRED ObjectsUpdated CDATA #REQUIRED StepsUpdated CDATA #REQUIRED StepsComments CDATA #REQUIRED><!ELEMENT ActionMaintenanceSummary (ObjectChange* ) >
<!ATTLIST ActionMaintenanceSummary Action CDATA #REQUIRED Objects CDATA #REQUIRED Updated CDATA #REQUIRED LinesTotal CDATA #REQUIRED Added CDATA #REQUIRED LinesUpdated CDATA #REQUIRED>

<!ELEMENT ObjectChange  (Hierarchy, PropertyChangeList* ) >
<!ATTLIST ObjectChange Operation CDATA #IMPLIED OriginalRepository CDATA #IMPLIED>

<!ELEMENT PropertyChangeList (PropertyDef) >

<!ELEMENT PropertyDef (OriginalValue, NewValue) >
<!ATTLIST PropertyDef PropName CDATA #REQUIRED OriginRegularExpression (True|False) "False" NewRegularExpression (True|False) "False" >

<!ELEMENT OriginalValue ( #PCDATA )>

<!ELEMENT NewValue ( #PCDATA )>

<!ELEMENT Hierarchy  (ObjectName, Hierarchy*) >
<!ATTLIST Hierarchy MicClass CDATA #REQUIRED>

<!ELEMENT ObjectName  ( #PCDATA ) >

<!ELEMENT Step (Obj,Details,Time,(Step|HtmlStep|Doc)*,NodeArgs) >
<!ATTLIST Step rID ID #REQUIRED retval CDATA #IMPLIED>

<!ELEMENT HtmlStep (HTML,(Step|HtmlStep|Doc)*,NodeArgs) >
<!ATTLIST HtmlStep rID ID #REQUIRED >

<!ELEMENT Obj ( #PCDATA ) >
<!ATTLIST Obj plainTxt (False|True) "True">

<!ELEMENT Details ( #PCDATA ) >
<!ATTLIST Details plainTxt (False|True) "True">

<!ELEMENT Time ( #PCDATA ) >

<!ELEMENT HTML ( #PCDATA ) >

<!ELEMENT Disp ( #PCDATA ) >

<!ELEMENT NodeArgs (Disp,TopPane?,BtmPane?)>
<!ATTLIST NodeArgs eType CDATA #REQUIRED icon CDATA #REQUIRED nRep CDATA #REQUIRED filter (False|True) "True">
<!ATTLIST NodeArgs status (Passed|Failed|Done|Warning|Information) "Done">
<!ATTLIST NodeArgs iconSel CDATA #IMPLIED nType CDATA #IMPLIED MovieMarker CDATA "">

<!ELEMENT TopPane (Path)>

<!ELEMENT BtmPane ( (Path|WR)?,ASHilite?)>
<!ATTLIST BtmPane vType CDATA "HTML">

<!ELEMENT Path ( #PCDATA ) >

<!ELEMENT ASHilite ( #PCDATA ) >

<!ELEMENT WR ( #PCDATA ) >

<!ELEMENT DT (NodeArgs) >
<!ATTLIST DT rID ID #REQUIRED>

<!ELEMENT Summary (Param*)>
<!ATTLIST Summary sTime CDATA #IMPLIED eTime CDATA #IMPLIED passed CDATA #IMPLIED failed CDATA #IMPLIED warnings CDATA #IMPLIED retval CDATA #IMPLIED stopped (False|True) "False" >

<!ELEMENT Param (ParamName,ParamVal)+ >
<!ATTLIST Param paramInOut (In|Out) "In">

<!ELEMENT ParamName ( #PCDATA ) >

<!ELEMENT ParamVal ( #PCDATA ) >

]
>
<Report ver="2.0" tmZone="Central Standard Time">
<General productName="Vugen" productVer="12" os="" host="MAINALI-PC"><DocLocation><![CDATA[C:\TrueClient\HPSR1_ClickableTable_TCFF1202_v01]]></DocLocation></General>
<Doc rID="T1"   productName= "Vugen"  >
<DName><![CDATA[HPSR1_ClickableTable_TCFF1202_v01]]></DName>
<Res><![CDATA[result1]]></Res>
<Action rID="T2">
<AName><![CDATA[vuser_init]]></AName>
<Summary sTime="5/21/2015 - 16:22:25" eTime="5/21/2015 - 16:22:25" passed="0" failed="0" warnings="0" ></Summary>
<NodeArgs eType="StartAction" icon="2" nRep="5" >
<Disp><![CDATA[vuser_init Summary]]></Disp>
</NodeArgs>
</Action>
<Action rID="T3">
<AName><![CDATA[Action]]></AName>
<AIter rID="T4" iterID="1" >
<Step rID="T5">
<Obj plainTxt="False" ><![CDATA[Navigate]]></Obj>
<Details plainTxt="False" ><![CDATA[1: Navigate to "http://stormhelp.saas.h...tml/table2.html" was finished]]></Details>
<Time><![CDATA[5/21/2015 - 16:22:27]]></Time>
<NodeArgs eType="General" icon="0" nRep="9" status="Passed" >
<Disp><![CDATA[Navigate]]></Disp>
</NodeArgs>
</Step>
<Step rID="T6">
<Obj plainTxt="False" ><![CDATA[Evaluate JavaScript]]></Obj>
<Details plainTxt="False" ><![CDATA[2: Evaluate JavaScript var rows = object.rows.length; on element (1) was finished]]></Details>
<Time><![CDATA[5/21/2015 - 16:22:27]]></Time>
<NodeArgs eType="General" icon="0" nRep="10" status="Passed" >
<Disp><![CDATA[Evaluate JavaScript]]></Disp>
</NodeArgs>
</Step>
<Step rID="T7">
<Obj plainTxt="False" ><![CDATA[Wait]]></Obj>
<Details plainTxt="False" ><![CDATA[3.1: Wait for Open gridcell was finished]]></Details>
<Time><![CDATA[5/21/2015 - 16:22:28]]></Time>
<NodeArgs eType="General" icon="0" nRep="11" status="Passed" >
<Disp><![CDATA[Wait]]></Disp>
</NodeArgs>
</Step>
<Step rID="T8">
<Obj plainTxt="False" ><![CDATA[Evaluate JavaScript]]></Obj>
<Details plainTxt="False" ><![CDATA[3.1.1: Evaluate JavaScript var theOpenText = object; on Open gridcell was finished]]></Details>
<Time><![CDATA[5/21/2015 - 16:22:28]]></Time>
<NodeArgs eType="General" icon="0" nRep="12" status="Passed" >
<Disp><![CDATA[Evaluate JavaScript]]></Disp>
</NodeArgs>
</Step>
<Step rID="T9">
<Obj plainTxt="False" ><![CDATA[Wait]]></Obj>
<Details plainTxt="False" ><![CDATA[3.1: Wait for Open gridcell was finished]]></Details>
<Time><![CDATA[5/21/2015 - 16:22:29]]></Time>
<NodeArgs eType="General" icon="0" nRep="13" status="Passed" >
<Disp><![CDATA[Wait]]></Disp>
</NodeArgs>
</Step>
<Step rID="T10">
<Obj plainTxt="False" ><![CDATA[Evaluate JavaScript]]></Obj>
<Details plainTxt="False" ><![CDATA[3.1.1: Evaluate JavaScript var theOpenText = object; on Open gridcell was finished]]></Details>
<Time><![CDATA[5/21/2015 - 16:22:30]]></Time>
<NodeArgs eType="General" icon="0" nRep="14" status="Passed" >
<Disp><![CDATA[Evaluate JavaScript]]></Disp>
</NodeArgs>
</Step>
<Step rID="T11">
<Obj plainTxt="False" ><![CDATA[Wait]]></Obj>
<Details plainTxt="False" ><![CDATA[3.1: Wait for Open gridcell was finished]]></Details>
<Time><![CDATA[5/21/2015 - 16:22:30]]></Time>
<NodeArgs eType="General" icon="0" nRep="15" status="Passed" >
<Disp><![CDATA[Wait]]></Disp>
</NodeArgs>
</Step>
<Step rID="T12">
<Obj plainTxt="False" ><![CDATA[Evaluate JavaScript]]></Obj>
<Details plainTxt="False" ><![CDATA[3.1.1: Evaluate JavaScript var theOpenText = object; on Open gridcell was finished]]></Details>
<Time><![CDATA[5/21/2015 - 16:22:31]]></Time>
<NodeArgs eType="General" icon="0" nRep="16" status="Passed" >
<Disp><![CDATA[Evaluate JavaScript]]></Disp>
</NodeArgs>
</Step>
<Step rID="T13">
<Obj plainTxt="False" ><![CDATA[Wait]]></Obj>
<Details plainTxt="False" ><![CDATA[3.1: Wait for Open gridcell was finished]]></Details>
<Time><![CDATA[5/21/2015 - 16:22:32]]></Time>
<NodeArgs eType="General" icon="0" nRep="17" status="Passed" >
<Disp><![CDATA[Wait]]></Disp>
</NodeArgs>
</Step>
<Step rID="T14">
<Obj plainTxt="False" ><![CDATA[Evaluate JavaScript]]></Obj>
<Details plainTxt="False" ><![CDATA[3.1.1: Evaluate JavaScript var theOpenText = object; on Open gridcell was finished]]></Details>
<Time><![CDATA[5/21/2015 - 16:22:32]]></Time>
<NodeArgs eType="General" icon="0" nRep="18" status="Passed" >
<Disp><![CDATA[Evaluate JavaScript]]></Disp>
</NodeArgs>
</Step>
<Step rID="T15">
<Obj plainTxt="False" ><![CDATA[Wait]]></Obj>
<Details plainTxt="False" ><![CDATA[3.1: Wait for Open gridcell was finished]]></Details>
<Time><![CDATA[5/21/2015 - 16:22:33]]></Time>
<NodeArgs eType="General" icon="0" nRep="19" status="Passed" >
<Disp><![CDATA[Wait]]></Disp>
</NodeArgs>
</Step>
<Step rID="T16">
<Obj plainTxt="False" ><![CDATA[Evaluate JavaScript]]></Obj>
<Details plainTxt="False" ><![CDATA[3.1.1: Evaluate JavaScript var theOpenText = object; on Open gridcell was finished]]></Details>
<Time><![CDATA[5/21/2015 - 16:22:34]]></Time>
<NodeArgs eType="General" icon="0" nRep="20" status="Passed" >
<Disp><![CDATA[Evaluate JavaScript]]></Disp>
</NodeArgs>
</Step>
<Step rID="T17">
<Obj plainTxt="False" ><![CDATA[Wait]]></Obj>
<Details plainTxt="False" ><![CDATA[3.1: Wait for Open gridcell was finished]]></Details>
<Time><![CDATA[5/21/2015 - 16:22:35]]></Time>
<NodeArgs eType="General" icon="0" nRep="21" status="Passed" >
<Disp><![CDATA[Wait]]></Disp>
</NodeArgs>
</Step>
<Step rID="T18">
<Obj plainTxt="False" ><![CDATA[Evaluate JavaScript]]></Obj>
<Details plainTxt="False" ><![CDATA[3.1.1: Evaluate JavaScript var theOpenText = object; on Open gridcell was finished]]></Details>
<Time><![CDATA[5/21/2015 - 16:22:35]]></Time>
<NodeArgs eType="General" icon="0" nRep="22" status="Passed" >
<Disp><![CDATA[Evaluate JavaScript]]></Disp>
</NodeArgs>
</Step>
<Step rID="T19">
<Obj plainTxt="False" ><![CDATA[Wait]]></Obj>
<Details plainTxt="False" ><![CDATA[3.1: Wait for Open gridcell was finished]]></Details>
<Time><![CDATA[5/21/2015 - 16:22:36]]></Time>
<NodeArgs eType="General" icon="0" nRep="23" status="Passed" >
<Disp><![CDATA[Wait]]></Disp>
</NodeArgs>
</Step>
<Step rID="T20">
<Obj plainTxt="False" ><![CDATA[Evaluate JavaScript]]></Obj>
<Details plainTxt="False" ><![CDATA[3.1.1: Evaluate JavaScript var theOpenText = object; on Open gridcell was finished]]></Details>
<Time><![CDATA[5/21/2015 - 16:22:37]]></Time>
<NodeArgs eType="General" icon="0" nRep="24" status="Passed" >
<Disp><![CDATA[Evaluate JavaScript]]></Disp>
</NodeArgs>
</Step>
<Step rID="T21">
<Obj plainTxt="False" ><![CDATA[Wait]]></Obj>
<Details plainTxt="False" ><![CDATA[3.1: Wait for Open gridcell was finished]]></Details>
<Time><![CDATA[5/21/2015 - 16:22:57]]></Time>
<NodeArgs eType="General" icon="0" nRep="25" status="Failed" >
<Disp><![CDATA[Wait]]></Disp>
</NodeArgs>
</Step>
<NodeArgs eType="StartIteration" icon="3" nRep="8" status="Failed" >
<Disp><![CDATA[Action Iteration 1 (Row 1)]]></Disp>
</NodeArgs>
</AIter>
<Summary sTime="5/21/2015 - 16:22:25" eTime="5/21/2015 - 16:22:57" passed="16" failed="1" warnings="0" ></Summary>
<NodeArgs eType="StartAction" icon="2" nRep="7" status="Failed" >
<Disp><![CDATA[Action Summary]]></Disp>
</NodeArgs>
</Action>
<Action rID="T22">
<AName><![CDATA[vuser_end]]></AName>
<Summary sTime="5/21/2015 - 16:22:57" eTime="5/21/2015 - 16:22:57" passed="0" failed="0" warnings="0" ></Summary>
<NodeArgs eType="StartAction" icon="2" nRep="28" >
<Disp><![CDATA[vuser_end Summary]]></Disp>
</NodeArgs>
</Action>
<Summary sTime="5/21/2015 - 16:22:23" eTime="5/21/2015 - 16:22:58" passed="16" failed="1" warnings="0" ></Summary>
<NodeArgs eType="StartTest" icon="1" nRep="4" status="Failed" >
<Disp><![CDATA[Test HPSR1_ClickableTable_TCFF1202_v01 Summary]]></Disp>
</NodeArgs>
</Doc>
</Report>