<ActiveScreenInfo>
	<Snapshot xsi:type="Web" id="1">
		<Viewer>Mercury.SSHWeb</Viewer>
		<WebMetaData StaticSave="0" HasUnknownEncoding="0"/>
		<Resources>
			<Resource>
				<FileName>t16.html</FileName>
				<URL>https://lt4-cmi.stratacare.net/LT4-CMI/default.aspx</URL>
				<FrameDOMHierarchy>0</FrameDOMHierarchy>
				<UrlWithoutForm>https://lt4-cmi.stratacare.net/LT4-CMI/default.aspx</UrlWithoutForm>
				<PostVisible>&amp;</PostVisible>
				<PostHidden>&amp;wa=wsignin1.0&amp;wresult=%3Ct%3ARequestSecurityTokenResponse+xmlns%3At%3D%22http%3A%2F%2Fschemas.xmlsoap.org%2Fws%2F2005%2F02%2Ftrust%22%3E%3Ct%3ALifetime%3E%3Cwsu%3ACreated+xmlns%3Awsu%3D%22http%3A%2F%2Fdocs.oasis-open.org%2Fwss%2F2004%2F01%2Foasis-200401-wss-wssecurity-utility-1.0.xsd%22%3E2015-04-21T18%3A35%3A34.456Z%3C%2Fwsu%3ACreated%3E%3Cwsu%3AExpires+xmlns%3Awsu%3D%22http%3A%2F%2Fdocs.oasis-open.org%2Fwss%2F2004%2F01%2Foasis-200401-wss-wssecurity-utility-1.0.xsd%22%3E2015-04-21T20%3A15%3A34.456Z%3C%2Fwsu%3AExpires%3E%3C%2Ft%3ALifetime%3E%3Cwsp%3AAppliesTo+xmlns%3Awsp%3D%22http%3A%2F%2Fschemas.xmlsoap.org%2Fws%2F2004%2F09%2Fpolicy%22%3E%3Cwsa%3AEndpointReference+xmlns%3Awsa%3D%22http%3A%2F%2Fwww.w3.org%2F2005%2F08%2Faddressing%22%3E%3Cwsa%3AAddress%3Ehttps%3A%2F%2Flt4-cmi.stratacare.net%2FLT4-CMI%2F%3C%2Fwsa%3AAddress%3E%3C%2Fwsa%3AEndpointReference%3E%3C%2Fwsp%3AAppliesTo%3E%3Ct%3ARequestedSecurityToken%3E%3Cxenc%3AEncryptedData+Type%3D%22http%3A%2F%2Fwww.w3.org%2F2001%2F04%2Fxmlenc%23Element%22+xmlns%3Axenc%3D%22http%3A%2F%2Fwww.w3.org%2F2001%2F04%2Fxmlenc%23%22%3E%3Cxenc%3AEncryptionMethod+Algorithm%3D%22http%3A%2F%2Fwww.w3.org%2F2001%2F04%2Fxmlenc%23aes256-cbc%22+%2F%3E%3CKeyInfo+xmlns%3D%22http%3A%2F%2Fwww.w3.org%2F2000%2F09%2Fxmldsig%23%22%3E%3Ce%3AEncryptedKey+xmlns%3Ae%3D%22http%3A%2F%2Fwww.w3.org%2F2001%2F04%2Fxmlenc%23%22%3E%3Ce%3AEncryptionMethod+Algorithm%3D%22http%3A%2F%2Fwww.w3.org%2F2001%2F04%2Fxmlenc%23rsa-oaep-mgf1p%22%3E%3CDigestMethod+Algorithm%3D%22http%3A%2F%2Fwww.w3.org%2F2000%2F09%2Fxmldsig%23sha1%22+%2F%3E%3C%2Fe%3AEncryptionMethod%3E%3CKeyInfo%3E%3Co%3ASecurityTokenReference+xmlns%3Ao%3D%22http%3A%2F%2Fdocs.oasis-open.org%2Fwss%2F2004%2F01%2Foasis-200401-wss-wssecurity-secext-1.0.xsd%22%3E%3CX509Data%3E%3CX509IssuerSerial%3E%3CX509IssuerName%3ECN%3DGeoTrust+SSL+CA%2C+O%3D%22GeoTrust%2C+Inc.%22%2C+C%3DUS%3C%2FX509IssuerName%3E%3CX509SerialNumber%3E74338%3C%2FX509SerialNumber%3E%3C%2FX509IssuerSerial%3E%3C%2FX509Data%3E%3C%2Fo%3ASecurityTokenReference%3E%3C%2FKeyInfo%3E%3Ce%3ACipherData%3E%3Ce%3ACipherValue%3ERSdyEZCzuT%2FUA0u4jl9xbiM76F1EdW%2F4Bj10ovdkg%2FDVmZLWd2XboEI2RwL3xn5hqq649idfyXc%2FE%2Fdd9ZSjFFb4jNVHm9%2FRrhu%2F9z1vQy9B02N1cDHEl6uwhydgt%2FggKqenuKKF2tc1158R313W34fRndT9VuF9esV5gEqlmr702fpAsVBuP1NoqMaKZCxAr6cktahjb8b9BkO8W92%2Bpr9k6G3rGUW9NWP%2FjyJzLy%2Ft8xNT32VHg7ralGFkmJEM7F%2FFeuTpof%2BX538r4v4Xkc8m9DMtLNgas2SJquTDOdW6KHMeRl%2BQS1aRukUpVFEONjtS5WpmYSTfbbHouu2GBA%3D%3D%3C%2Fe%3ACipherValue%3E%3C%2Fe%3ACipherData%3E%3C%2Fe%3AEncryptedKey%3E%3C%2FKeyInfo%3E%3Cxenc%3ACipherData%3E%3Cxenc%3ACipherValue%3ERT5OrQc26XTKHHbos%2Bgdc7Q6PmnuacS3vWgIXciGdjeVzxYmLG5pIZve04pc3cNtloUul2bmCPu3Dno5bNUANcgzkffX%2BRZjsbvfmjMR%2F7Tv2zCdgnf%2FtBLurQ4s45GQ1cclpEkaSyFoXYEc181jYwWSRpYTivRXEDVLygS9EkVjoEzyTnI%2FisDeIRuC8kcCBTS5qea0%2BMXRzrujLCwuhRO84fV1EVSaFZOztTTfKccoBQh34O%2FUfxaQ1ldt0T4TLOmXM7obrLvhdwDzVGIrFwbptiwwxIkU7IQmjA8S1q84skiHMVmmUnPh2dAQXqgaILYQG7AEtCYSNeih%2FoCMJoa2bDUvPBwzVGkoww%2Byd5Jpkr88ifmBQgkzGDQb94WXrSApl7gGwz3Ij0PmbwodrtQ9qBVxS1VFINmgljFf%2BHNo77PzPI2fUChp%2FGCxTa%2F3%2BfnymicaetX2tHaECzL%2Bh2lVOfiQv6PbhstqXU6cewV%2FPSbPpHdgasWpLv9MH2HU2apV7Oc5TsntCJexFTNzsnmcGvRrb7rg4HvMUcLjYsVmNuIxi0Rx8y%2Bbm4ySQPt2Vwl4a7rzqsyg6sRxAot2u6wdGjsve3m29BhUiSSf7YM9%2BezEDvJvOOwN8sNU5W0TCtEhTneWv9sOGaqBNeQVUgp9v%2BF5VxQS0mh9RUzYunpOrnQwo4hRcdAi6MQoLat4MCeoutHwSpEDQO7xSXtOs7WjSTFEVeoFuo4hvNLxilXz1%2BiRCU%2B%2Bd1w%2BJf3HVkW6kOWq5j7CPBUsyJiGUPOSD1DmnNT7fyco7s9UXcY3RhcJwPlBclT4jsULsJRw1XG3KhtTZrkYR5VWB0RZe0jK1OBT78EMSkU05F3fB%2FTGX5HNo%2Ff6Nl3b7fcsxtIIbJLL9nCiTLuXwqPrG%2FEpK3tJm38nrO%2FL7gxArFbCHBO7datP1pj%2FM%2BsR9%2BzqzX3yLy%2BIrOL8Y6acVCec12c9Er4hzXSJyJ5SYpaxOkrz1M%2Fs5ISy5WagXh4Ebv36hqTT9xrxyMU54yePM%2FsMhNwb0gbiZGLXYzHgG00L3zCJRCfDm0mT%2FmofssEEkiWgefd2pcI334m35pIYcVXW03Wov%2F%2BPcJ5iXBEXGZPFz3fSQelp0BNNIA0YMs2UemF7Ca9ullpBeWrX7l9rGHigAgF4uNf8gThSV9Fyy9AiD2SECTvbkZ5z3hMuz1b2tSIITlNuee8tuKlSMSBW47JGhX0AakL2VHIz9xfhDIjoMSNQEKDj8mpC%2FLcAYM1WKRSRnpJQnCHLUHsaeJhBBZYiPqhPZgCIEwrbffxDUELxFTkn2Q2VEdKrkgddcFds5YmJ%2BiYA9EqKJXGpT3omX9hkSWgAZiZ%2FP%2Bfg1KtLl7wKKXin2EJs%2BxvFyo2%2Bb53XVePRUqzlucPGR9ZGK%2Fa9E4t7sOZ4C9GJJgclVXNZG0IEYMlTEruI6tSKKjw6B%2BXGWxkb57KPkYaJnIVb0qy3FQDmsu1u9sak40DlXezwAmTICqL1yc2vvJiaiIMnPoDDS4UbkMRRInxt7Ojw%2FiDErhiGDdKbW8SuWnGdOhjWWg5K9RXe7HmPJjxgwhvB7IH%2Behlq44wOI1D4a41bL5RQXqF%2BlfAScs6poHoTTArOS3D4U8mFUi%2FCuBaekVB2m%2Boc5T5U7uSdNJwrqxPVwIb4htAwO3zxYt2AUnanxYEh5KlO8AIzDMwDSE1P41uLJX4IFitTy%2B%2BhL18mm6YCZdasKZ4hGoZZ5jJ260DhY3oGLPAmBWTlXsoOJcYS%2BoGk3Hmb9Sq5G79QGCt8pA5RLuLhZ5li7UKsB7N34Bo8ylTxPUqyTHyia783bEhSKEfqkOiiL2Hq1LFA7PntHxmRHcbOfu027FtLlKDaHVq3aEIG8S46pct1dPpMEIXjW4mYQTcYGd7VTmHRBEpR%2BDaFQ9muAXcDsid13WMjJnOCojgQNr3Sp5VSqbH9ftguFFI2iuOx%2F2q6MHPQGZq3H%2BbOcY8x9JXqrXUpX4pBj%2BlmNloGr3gd6BckbmBpxTMHH6fZYjGlsd74%2FodQVt9vuRf4ebfKQz%2FKuLfiHBl41swxFnUl8nmxY9HIGPIE%2B6d4yAUUoLSDDpCnMsZEEEIMdBixzkenNWPNcpd5b0acg%2F2odzQKDBIVPvZZC2IRIbArSsIdoSj0zNqicsy1w3Rt9AQcm8A02%2BwaqFeVyA%2BUU8FNR4lrM%2FgCNgl%2FdddhP0%2FJ46EDewEt%2Bqu6qqF6pF6YNyxSqQmPLvBAht7PnfeG%2BwkhF5J74%2FFDshgTTow58UrM0I7awkecYJAIPiPHduNDcnHQO8qb8vARFlhkjCSTHXYgo8q5mTRxDTUyXddi59YSwSCvfs6026Hh5pQ2tEhF7cnQgZMosgGj7IxWOk18k6HXr2aWPgz5gqfG9pODudZCMziXvbfT%2F%2FQkTrzcywP6NTCB3euP%2FDw0QJxyJpXCGIO9qlfazJMH33ACHUSNrlxzUC8JwqL5o40QxtPmxEYcUZ7d0JvGH6JQzgxImNOpqtc66ScFV4hwIWNxY6R3XSUddGtnJmD4oTUATT39B0uMLVhVQ5YvRhbtz4mg%2FrWN%2BSWArZkncG7N3CeLp9hTAnMr2wRhT8RtuvGl6wpVPFnT1x0s7zZo%2F2fyxkLfKXEJgLYwkO%2F%2Frz0Pv%2BVa0HrsIlkU0JBycWJIgnwAGWX1dngHmixqR%2F%2FkrnLW90QjwJVTS08LejLPRuZY%2F5N0wyNUDP4wWloyzBYnKxF49RoGGp89ee4PqBSFKy5mWSxkgdf7GajHBWSIknZHNEw1Jh7aYEyX3FYuWixBKInD2Ufnl5ejNZzK3x%2FoqkD7w1QvimKKHjry4%2Bg%2FtITY2b3kPkd9kirKcOTa%2Fz5wGoIO8qZQYBuBvI5BZxbCKA3TbiF9DHnWbLo%2BY6R0XO9fHC3jAOms59Cqilu86kEsPe%2B7wNorC3UbxQwoLv4XmQLSDmIdRVemd2oV%2BlHiaI3xQsmtidZR%2FI6qnuVE4wRVXz%2BsttRqgwxuGNVHadszwqW%2B5KuWBST1dUBkt5T%2Fld0Aqh%2Fw4u1pHwWIM%2Bv5gfA%2BzgojF7WlLiEkv%2F5ZXxaB9qg%2FgCyfCDhx%2FKyEbqk%2F99IZbOP3qNGIyA%2FeZPznyPXuukU4ukQtMDNUQPUyh2zcYh3QNQa2JucC%2BOGlkV4KvDhgmiZT7OZe5nnhPcnN8uFtrOaqFpMzqz381baJJvV2j0hY3QGjreHLn0MDU3SerJxSTndDB8i2%2FZeTiSeDP7Zca%2FscNUbGKKYN%2BYBQoYQ7NLBTBSIoZLRMQIJ4N%2Fveuk7lDJJVoUJnSJivx38zyzJb%2By10fgPECJbEfC1lVdHXggj%2Fa3%2BYtu091IjRnQlczFou%2Ba%2FD%2B6QSzGBUcIDhlDc9Nr5yrXIGS8%2BwOQnPEBosjcWM6D9jrIbueVvpMhqkgp45R0t9fuOKUqO1B1izaD%2B8%2F861i7jTbkWpciJQo89PJ3Ut0srCClGSr7DtMRo6sSNaJho60mKnRt0IRiapJ9JQinxBKAMLi1t4qUCi25JAxKx4ZRdkClTbZJ90seacVEcRCcNTCkvbRpoEAyDoNgzGsVmYnPPkFT6DkK8wP2fZYQpDERvXS96toSrY9j5rL34hs66oWsxketIIcHjgB4%2BPhE%2FY6gqKwCs6yKy9S4WA%2FSRwQtNvisAJYwPBSgTfi69AXwZlNW%2FElWtwKHvfS60uqOg8N1lQqZ%2FgJRrqKSqJpP0xsJxTzxw%2FxxaUROK2j8o4QrAIAYGJkvjE56pPm87XQadx%2BOcYiiSsYs13jSTe%2F66WIpreDRiL3WR5ZARjDmbpzRsj6Rvq7rJeUpm%2BXW9tUFPNLgi5TjRI0T08zJt8H8A3T6Arirlv1eaZLnoacE2CWNC3MlmOzQAq%2BMm7Q7kCOZ4oX2ioAuu%2BpwzE8iEv7p88pcQ6Y7EP%2B1VEy4FfegWDMGjWSYRto06FAcDrStjyKtHfqtDkcu1h5peZ4hR7XY3ub5EqJ8OM75rRCscMrpncRxmhkbhXlMxuwFOqjZnDuO3t09YgNUv9Nkyk%2BGgYDwp5yeZWRZ6KOTGvoIqf%2F6YoZus0hrVUi%2B3wLTrhVas5RFi3%2FjTfqBIHeQkWuu%2BOxdJeo9RQIDYkQl8rsuoshWHcpiliAsmg%2ByXDK4OtL302%2FMswEljeFnVHKrB%2F%2F53QJ24MDH%2Fi%2F4IAiAOjbzVfjuJtjZWm0KtP5yWpGSY%2BpDH2lrQgsH4wEOx1sZA9hrAnFw%2BdWC%2BwdTVe9r08y2vSii3CEWpywfzRTKUdfU7h34YmICaGoKEMzmy11m0ZXjpKS8qwaA9kWqW8R8li48DXr5nGcMAwM4EjKlSKZpSsla3YLqJMhXnf6Na61MlAC58Ph87hAGSxGmPrOXtBvG5ZdMNTJMvLIRRO2bpopAJXLi5dAGDDmlMnck%2Fz7U7qna%2B1HzS20jo8bYsCvmHq%2B9mPTv7AWfCv184nh3TuXrtxBeS0mjRsvTYmVqoNxVTRLOkGZl1c5V9z8XhV%2FwiVBfkDCbbAcVZjct3jL5jYwf4RgPb4AwmavlnDoZyjUgcZSoNt7uX3xzAFAlhQDV1n6d2Fe6risAMDMTP1uMBQFNn1k%2Fde4km8GJgasyzxOerTIsMSkfd8teBzkxxem65Iwv8qt2QZzcerrXvivNULh0YC1D6SPp8fByfggy8OHsTJWsvFKtdMu1bbrQnvBMQST7MMLr2gMt1xTwqBEKWCiNvSZrIGzuOo4xDHoGDrPXRK02%2Fr3Rc%2BzMKbpnUTJjht94JC%2FPRxTO2mOzLkHKK%2BEjGj71lNmA7bQzmlOK8AbfFC7sBpT4N43eQYQJQdfFrNr3129CUlakh6GvI%2FDCOTZrLLzL%2Fu%2B%2BYqJuxnm3J47MYwfMxJErjMSnU8viaYcyP4sblmMjjRZeyZZNWuMGfXIR8NPOpNOovdlFpC4uTdtRdLgBsQhQRi1noBLYx5LdNlv0cxUQVRI4zkuZ4nX1nndt1DrWYAfVAZaKlZD1Im2fTO1HL%2B5jHU68vzfyX2lZRfmLB7br2bYZM2lhixlSPhugGpQlP0TLezpSVz2UhX9OoGM8Qf0kvW1dzHu1hSfzQ8gcjHiullRgchqsR9Kvt7DspcQkEnqP1feQnzORlz4j74233x8ZbYBu%2BV13bc9bwz7%2FKnCMhN1scE7VAxDEJC1F%2FOYR6l6RdWqyiGD9eDW4Bi%2B3lZzilUZQpFMltoCVa3nNycCG2yUrWpwK4IZxHAms9kUcqCx6bgF2Bnwc06aga5RUZ2I7n3CWixX9miC3k5ONqwogq5IhZncJqPS9%2BtCdlnkYMYbFbZJrka1LpRuPBbu7%2Bx4tIHTHicjYMepIn4lo19fDt2UwJfUv3CZ%2B%2FWhN3FGzB1Cd9a00ccGAcjBeireiuaK91b5Ikktht3j1E8PHE%2F5POxCIs%2FFJHtpc3LvFg5adNGzkTyUcvp7%2F%2F%2BO%2Fpr%2F1XIKSsOBcGxlHgrMc58bnYvHCD68tvZhLx17NejgBCfshekEZvkaN7dro3tnFeHNVk6kARqkYJF9v9opzZoYs3DHooi4g2SZfptfiU1VZHkNIt%2BgCkwyNIfFnxyTL%2FBH6dvQTicV%2FrjBnW796ZaZ0VgwEi5U85Y9knm9PzmMzu8%2FrDM1bQlNrJ7IZr0HN43bTborrTAca%2FGdzd20hHu0nhmUdjhaDxLnJ9VBbe5IE8AcdqV8Q0uKIrNYYLAwV0c5QLkfUGYYQy7bpPXHkP7cl3MZmrHW3gxU%2Ft%2FcdGEgTfLHAltEFrNFsSz6ZDl5F8uRQiBnsdMJF%2FpTXKcbo4Dxy4e0meVjjRAvd7Ip%2Bv4KL4NZNSCsIjdCZPGTIPeeGmDUBZFDgAtLILLgKZb9m%2BeHB5H9rGfVHtFosIt4Q213JTN%2Bp3cJZzeqeivICzVx91Lgn9XXbb7RbwaEDsF84kMxUlQFmlA8kN0zXpkaMHjcG%2BEpJcY3gtGt%2BeFzYYVn1VpQIE%2FfoKblIPoz4qgzGUZ0HkJZYyATjATmFeV5vZxPjS5WzSwURAwAajoZoYbLIkXNHZ1tiI0%2FYBGmpCHf0HOUa%2FEmozdqmmUEDGb1XtpFr5xtXO1XCnrU6tmUoUE3AbiN3aH%2Fq6wj3XjCmBjQWb4q1Dfmfu%2FhqihqK2EQereKll1LXmDyCSAAlhOHCmlLdoBSX5oHRtEwkvaermgfztiAM%2FriIZ63g4IVHWtm72d8v%2BIuqmdzDgS1uT6xInNJA8g0OsIOpQHFvjUQtDGHR4I%2BmkndyXcJAg38r9jie%2BxM2s%2Bl23YXNnCYoIuOO%2BV1afUQ6GrMMMpZR7haqld4GyqDfUuzur4LvCrh0jcsPiM1H6myll0SeZ8Nidsbab9DasDLBmlYckYC9FAnCYW50lRYS%2Bb%2BHUt1QozlljxAlkYhRL8EglvXkDkn96vfM6Hp%2B85UuzAky0N3%2FwPiNNzdf0GofHGCOic%2BDl97bLvbOe%2B3g3nfOZsStCg%2BLfJubuPlwt7ud0oz81FrQ3yC1PYYFP23SJeyIgeCSLy4Q85AmNZIuTH7hKIy0aLgVGP647MghXKbaMi7UBebwlSJ%2FZc7wMpoPFbg08OZlMtgWLJUs8c4CU1Tkvel5JkHLCFkCqeXsmlmlKn%2Bg5ghSSt3D8Q4vj%2Fus3F7KKwq3Iik%2BhDBbufWE4x%2BZ6gOTUGpr3FMMIw3c5FXdMZz2KnUMhzV%2FEPVD5mIkhobp1y%2B0x%2BLP7TPerNtVcbk6PWzImV3mh8l46g00CvYbaT%2B2TjseBHoYh983iNamBvqTz9g1NDC8kbzLA1fFzRQvNr62qihey59PeJutZamy1h%2F3nxbFif9B%2B6%2BIg6R16N2bso3CVtdmU8ahKllFsVVWGQ%2FbypG%2BSoHRvOCalcEsTzSdL1eY%2FlJNbGmCA6bzjBgjxC%2FhNJFB66%2BxI%3D%3C%2Fxenc%3ACipherValue%3E%3C%2Fxenc%3ACipherData%3E%3C%2Fxenc%3AEncryptedData%3E%3C%2Ft%3ARequestedSecurityToken%3E%3Ct%3ATokenType%3Eurn%3Aoasis%3Anames%3Atc%3ASAML%3A1.0%3Aassertion%3C%2Ft%3ATokenType%3E%3Ct%3ARequestType%3Ehttp%3A%2F%2Fschemas.xmlsoap.org%2Fws%2F2005%2F02%2Ftrust%2FIssue%3C%2Ft%3ARequestType%3E%3Ct%3AKeyType%3Ehttp%3A%2F%2Fschemas.xmlsoap.org%2Fws%2F2005%2F05%2Fidentity%2FNoProofKey%3C%2Ft%3AKeyType%3E%3C%2Ft%3ARequestSecurityTokenResponse%3E&amp;wctx=rm%3D0%26id%3Dpassive%26ru%3D%252fLT4-CMI%252fdefault.aspx</PostHidden>
				<CodePage>65001</CodePage>
			</Resource>
			<Resource>
				<FileName>t16f0.html</FileName>
				<URL>javascript:&apos;&lt;html&gt;&lt;/html&gt;&apos;;</URL>
				<FrameDOMHierarchy>0.0</FrameDOMHierarchy>
				<UrlWithoutForm>javascript:&apos;&lt;html&gt;&lt;/html&gt;&apos;;</UrlWithoutForm>
				<CodePage>65001</CodePage>
			</Resource>
			<Resource>
				<FileName>t16f1.html</FileName>
				<URL>javascript:&apos;&lt;html&gt;&lt;/html&gt;&apos;;</URL>
				<FrameDOMHierarchy>0.1</FrameDOMHierarchy>
				<UrlWithoutForm>javascript:&apos;&lt;html&gt;&lt;/html&gt;&apos;;</UrlWithoutForm>
				<CodePage>65001</CodePage>
			</Resource>
			<Resource>
				<FileName>t16f2.html</FileName>
				<URL>javascript:&apos;&lt;html&gt;&lt;/html&gt;&apos;;</URL>
				<FrameDOMHierarchy>0.2</FrameDOMHierarchy>
				<UrlWithoutForm>javascript:&apos;&lt;html&gt;&lt;/html&gt;&apos;;</UrlWithoutForm>
				<FrameName>I1</FrameName>
				<CodePage>65001</CodePage>
			</Resource>
			<Resource>
				<FileName>t16f3.html</FileName>
				<URL>javascript:&apos;&lt;html&gt;&lt;/html&gt;&apos;;</URL>
				<FrameDOMHierarchy>0.3</FrameDOMHierarchy>
				<UrlWithoutForm>javascript:&apos;&lt;html&gt;&lt;/html&gt;&apos;;</UrlWithoutForm>
				<CodePage>65001</CodePage>
			</Resource>
		</Resources>
		<HighlightObjects>
			<HighlightObject>
				<HighlightID>HIGHLIGHT PARAMS</HighlightID>
				<FrameDOMHierarchy>0</FrameDOMHierarchy>
				<SourceIndex>1309</SourceIndex>
			</HighlightObject>
		</HighlightObjects>
	</Snapshot>
</ActiveScreenInfo>
