<ActiveScreenInfo>
	<Snapshot xsi:type="Web" id="1">
		<Viewer>Mercury.SSHWeb</Viewer>
		<WebMetaData StaticSave="0" HasUnknownEncoding="0"/>
		<Resources>
			<Resource>
				<FileName>t19.html</FileName>
				<URL>https://qasso.stratacareservices1.net/adfs/ls/?wa=wsignoutcleanup1.0</URL>
				<FrameDOMHierarchy>0</FrameDOMHierarchy>
				<UrlWithoutForm>https://qasso.stratacareservices1.net/adfs/ls/</UrlWithoutForm>
				<PostVisible>&amp;</PostVisible>
				<PostHidden>&amp;wa=wsignin1.0&amp;wresult=%3Ct%3ARequestSecurityTokenResponse+xmlns%3At%3D%22http%3A%2F%2Fschemas.xmlsoap.org%2Fws%2F2005%2F02%2Ftrust%22%3E%3Ct%3ALifetime%3E%3Cwsu%3ACreated+xmlns%3Awsu%3D%22http%3A%2F%2Fdocs.oasis-open.org%2Fwss%2F2004%2F01%2Foasis-200401-wss-wssecurity-utility-1.0.xsd%22%3E2015-04-21T18%3A37%3A28.348Z%3C%2Fwsu%3ACreated%3E%3Cwsu%3AExpires+xmlns%3Awsu%3D%22http%3A%2F%2Fdocs.oasis-open.org%2Fwss%2F2004%2F01%2Foasis-200401-wss-wssecurity-utility-1.0.xsd%22%3E2015-04-21T20%3A17%3A28.348Z%3C%2Fwsu%3AExpires%3E%3C%2Ft%3ALifetime%3E%3Cwsp%3AAppliesTo+xmlns%3Awsp%3D%22http%3A%2F%2Fschemas.xmlsoap.org%2Fws%2F2004%2F09%2Fpolicy%22%3E%3Cwsa%3AEndpointReference+xmlns%3Awsa%3D%22http%3A%2F%2Fwww.w3.org%2F2005%2F08%2Faddressing%22%3E%3Cwsa%3AAddress%3Ehttps%3A%2F%2Flt4-cmi.stratacare.net%2FLT4-CMI%2F%3C%2Fwsa%3AAddress%3E%3C%2Fwsa%3AEndpointReference%3E%3C%2Fwsp%3AAppliesTo%3E%3Ct%3ARequestedSecurityToken%3E%3Cxenc%3AEncryptedData+Type%3D%22http%3A%2F%2Fwww.w3.org%2F2001%2F04%2Fxmlenc%23Element%22+xmlns%3Axenc%3D%22http%3A%2F%2Fwww.w3.org%2F2001%2F04%2Fxmlenc%23%22%3E%3Cxenc%3AEncryptionMethod+Algorithm%3D%22http%3A%2F%2Fwww.w3.org%2F2001%2F04%2Fxmlenc%23aes256-cbc%22+%2F%3E%3CKeyInfo+xmlns%3D%22http%3A%2F%2Fwww.w3.org%2F2000%2F09%2Fxmldsig%23%22%3E%3Ce%3AEncryptedKey+xmlns%3Ae%3D%22http%3A%2F%2Fwww.w3.org%2F2001%2F04%2Fxmlenc%23%22%3E%3Ce%3AEncryptionMethod+Algorithm%3D%22http%3A%2F%2Fwww.w3.org%2F2001%2F04%2Fxmlenc%23rsa-oaep-mgf1p%22%3E%3CDigestMethod+Algorithm%3D%22http%3A%2F%2Fwww.w3.org%2F2000%2F09%2Fxmldsig%23sha1%22+%2F%3E%3C%2Fe%3AEncryptionMethod%3E%3CKeyInfo%3E%3Co%3ASecurityTokenReference+xmlns%3Ao%3D%22http%3A%2F%2Fdocs.oasis-open.org%2Fwss%2F2004%2F01%2Foasis-200401-wss-wssecurity-secext-1.0.xsd%22%3E%3CX509Data%3E%3CX509IssuerSerial%3E%3CX509IssuerName%3ECN%3DGeoTrust+SSL+CA%2C+O%3D%22GeoTrust%2C+Inc.%22%2C+C%3DUS%3C%2FX509IssuerName%3E%3CX509SerialNumber%3E74338%3C%2FX509SerialNumber%3E%3C%2FX509IssuerSerial%3E%3C%2FX509Data%3E%3C%2Fo%3ASecurityTokenReference%3E%3C%2FKeyInfo%3E%3Ce%3ACipherData%3E%3Ce%3ACipherValue%3EFVPXE8sihjZZq88z6RUcufDHi5MGUpV6c%2BxfzqZEMhSf%2BnKTvMUtvaqdD5zPKbk4bSOyH6nbynYGXCR4%2F02o8BbtfIRqaZQHCmn%2BtDoL%2BbpZ9%2Fuas7j1XgpiAsfWLU3GgsEEGSyqzPSGoxstFWJ0jUaQC2C5IXR%2B7qyo4tzQx%2BHf26xxepqNUThHuAAIc76TS9m8vxPy1ZGEBXgW13ztMo370rRz7fBnFG52D1ffoJ9dEe%2B99ZtEC6T%2BzK8K0w%2FGtNxtJHwjc3ZJSmjshnnxazoqHFQaImKjGBA9tCcApMmtxPtV2Xg7u7vqNOCECOtZLudODeVd1rkb5naRaildxw%3D%3D%3C%2Fe%3ACipherValue%3E%3C%2Fe%3ACipherData%3E%3C%2Fe%3AEncryptedKey%3E%3C%2FKeyInfo%3E%3Cxenc%3ACipherData%3E%3Cxenc%3ACipherValue%3EHkKp9yanBETVvbj7WtyyJaz1d4x%2BAQG9xlmpkyWzcR6oeL7Q3MMxUkJ358z9kuOLgZHfzk7CK9g0vzL9XOGlNx6vkBWY5yav8QE%2Bn2WjAwOlBpikdyH9KLaqvjTtbPYYw99rOUQtM2agb4GP0uef7XjIGUBZs0uBlZOwenMaZ9LOqcKV3XOt4gcbF2%2Bc6p00l5RatVxxdyhqmPcZWWyHx9pt4wCSJJlUo%2FSAxR35BbYPhqIwBLuApJ%2FLDlfL6LtFCbFeomiOtFL4diV0j%2FUhAqVQGSJ%2Bf4TkqyY0LRScJkMw2r%2Fi3Cyja7Q3oMXrrRxh2vs%2B4V1fTnsUImR3zxteTPL%2BUTH9IWYmkQ9L2To3AWEKWXoJX%2B0k3HbL3DtwMIxsuNSzdSqYxee5GxJyEIYjBVHsmObSWMlKXtozYYHKg2jIBEBdIHU9TGTtN4oOz%2F7tsRdMAJ0sU%2B8tvOVie3qu9qZyUxNnE4L9dMkXme39R3qsiklwuQ3va2CE08rYTgsW8N5JH5MSxjQ2upTbYsF5bl90ZCjL9yZdTkeUpgOkIxJyXHjo7MLlJ6%2FhL92bwgL7WehRF61qdEoHQATbjKmCAX%2BlBuq5u%2FWOCZej0i7w4UvMTKM8KUUWUPy8DUi5tdoBqOdtKVJQv%2FyeS2kMBGiWQoOIQBRpnV7xJmhsoAvASwej0I6LlYmDUJISibV3LVBMrwwoXdiYbgpxt8%2FJpKVuJ%2Fy6kSvWmEOuCdX%2FVOopiayVclKmdvEZ8wvTzDSEYVEAaIrEqDLEHIzYAK8MvRNsQSttmBHyozt4nOrvgjNa5iuZ%2Bb5b7ljiiBecnC6EiEK%2BYnQ%2BU9z21wycCNP74RXo36tjL6eAbwguZCAR4VlHAj6TzX%2B%2Fr11oxVY7rL5RcHjwff4H2ouJ8GTBLDTDx8o6BkhF0SJ3P5EwAzc5GbylrI3RSD6UJMaIUnxalCBRPman6KgHXBHXapFJHJojXZ1VIW7nMcFeyi2ILI9XbHjxjsB7QIy8VdFFmoBJmnDl8K6NdNhZieMoHxoh1%2FyK6zgXI%2BeJA%2Foih091jKyHHmNQQwzMor%2BhittK369MWdi7X4%2BOtMyiN%2F%2FzFDtag4JfTp8hqFnva2wrP%2BTVYpiup6Ff7%2FSKSjWDlH4mNdLcsLJlsLdNtq6ZUYjxwTUHFdwLGIPOekfgB1oU4soDjNx2QAU4oHbPAMa7czaFKlKTbLIsCXml8WF0YwYZq%2BHnFkvmjAJX9cI5tBncABuo4VH70cwk59aqAe%2FoOuZ3UwTIbcHt%2B1vn6DI7LgKYNNJSDaPmdpRg8tCb83KeEmhrRIbDM16mUYtQNvqPxkD5a%2BWuRVnUYoZU%2B7ecBARbnOwpT36I63LFx9Hq%2F5VPySW9Id%2FGBaWcIz6AsrKAZZiv1cpzWYFECTPMiFaWzkFqhmuZBg3RTrg6pb9W7dXDoHYPRomoDt5YDbB01PhlV8tU7f5tQ9NA89XEgQXx57nTpCpbacwvDQzqedm8C3OFHqcDVfvrYBA5EG1ySXEZPZamk2kbdweMaQjTKc6OrnIBstkxi2aArfWSzpbVSNeiPgbMf3necec%2FP1Qs6RE578GdBh67Y%2FeE9RJ4%2B%2F5czmVox%2BH9OAadR25YY64nA%2F2%2FZ4z%2B8VCDmHQkP42vL0l70iiNdMcsJyH9wt6Ecz7yNQYCfwgMlyIRAX1wE8UlenUvj9TnPFLp01mNUCbDZaj7%2Fss4l3w77UmS8%2BFxUWrqvdlEAWhPHzelcXgQ4wF%2F6P4F8PhqIioWSY0vLZyCmmwG2nDk2Y4mOSwOnNb9Ij%2BJ6uRajQ0vFkohyT1apfxzV6Pr2gSUrTP1gR%2F76pjIFu1OGbe%2F%2BC3ohtmlIroxjnxrjyIijaKhHFbHG2olfkxDgZdBWM%2FvkxaoSCS1Pbn7Jokhly%2BHmFX1aPk4W23hfnaucJFz1JhYODZn7xJ6YYqdihKGyIcyeVTQwS0IZS2LvTJvB0Cmpea80m7tCFOW3B5xtF%2FcBlNBWFxosvLx3SKoN0%2BjTF3qKxYbNNRzlPsHJAe9uWt1PuVVPnEcOUOPJIigThY1ll6WhUzdZRz7gcZrgi5uWm0rCoJPREZ%2BIfgh8PMCv2jVJumuL2y%2FcjN%2BkHMYq38T%2BL4rTER8MyMqIHbj9fz0XCQDus3wyc20xPIxktTJ88gMbubccFXyCXWpfvZKlk38S04dqrVEb79QdkwYNK2JzlvlKYbwW6mf611yuRi77bqHgxRgJNoIz057Orl32A3YnulQBSF%2FS4WonfPpVCfFloovZseP1QzSk9E2wu76dhJiHRAr16EnfquJjJw5Z7YCYsCwhQUuoFXLlkPgQBoi8ukPnLpSM1rrBaTFelG6SCcG4DNaiA8D1id5ZS57xkfZ6EMr5qxehWKQ%2FYAhIXaAL8VQHArwaKFtCIJ85C2g3ZhpHeAwlc7FJD%2Bex1K8SaCM7LYTTLYOgPY7CVxHQ5b%2BH3qMOiVmPEzR9RHX6yC4BfBB%2FS6SZ1NIzI%2FU%2B%2FtrIWwaycn8cLwyEcQQCfsT0gXXahsA%2BYes6GNjkRHCQ9c1Jq6qje65brnQdbFA65LrQ%2F1IhV7JidKenjkbQgwtjOX5t1cQ2VcEIp4AMSivWCiPF20asyG3mp7Qd62CfI%2BSU93tEZY2mWJO%2BvRjze4T83KP4TOFYjkNTo%2BU1LOdXigLy%2Fgu2iELeaHnzCwNN14H80vkX1Lg2dCsF4SndpJPyuHbqZRMz0oc0%2F1HTdZ5s6YUZFsaxGTD8MguXazrmCvp%2BG%2F%2BV5yBgzulRfP%2BQv%2BsCiyvf3ouni7pzWnWPzOfbSsp25%2BHZ9dW0ta%2BOzytaYUGkwuIRbZfqs7gGSCbmVKIK2x6TCYcNi00Q3Yze9MSp9DtNj3%2B1EqRIfuU8Wl2RWKj%2FrRYJYAcaTHvSk1f5qm6jCsRv1PbITcBAbfXv%2BwHOe%2FsUh6B0qh4wDUXXpnSmq8qa%2FVk6ot3akSfbfjoWVyzqxmJYuO2esVtrgoVzpjGzzw0%2BN%2FGo8m6jBkOofJ0i9iEhyBvCWXVfKxoX9LNHigpQGMEA%2FMGnPrOs69hqaNW4DjMvtzOeiDR%2FpmktzWu40EmE4abPCvdToQxxRrOoXhDc3Vt9Q4%2FjhAdmpPk6GcsTQ1c2%2Fu7sTznLDNptE08CeFbTbM8GhdWaZfxWF8ehan1O%2BmO85eTNWg1SguWTt7kICokaDK2SX3afddJuV1OMrm3eOEzYaGsp2J%2FiqPjN%2FWi87zywavlyf1lOcg3KYbhSABhL9rPJcYzBZ%2B586KjDkpKqGTDIrceTzeyV7giv1CuyC2DcwuRJ53y6XS%2BD9AVjn%2Fo%2FHB98wB%2Fevd1YJ7pnEO1pOU2GygqaRkUg3vGeT%2FS30qRuNLcpgKANLPJe9Kxb%2FG9uAllhzWaozPYjpWUeNJD1XGkPbFIgYo14OsxfzKS%2FOUQU4OROXEa17vc5BhJVD5uJZWQB3c4U%2FiEIHX%2Bz0LB7uQSlmmEm%2Fm1PEjIG8Jsb7FJFggXUIxXyTGfS0yySAwy4wvZf7%2FjDjVfEH0CvIZ%2FzMPsOLQ7zTDK0LtMdY4eUjIGf1BGr7O%2FI4M2iHsxXgruMTAcoj%2Fb7b5logq0c7UmHovwgrUY2J5%2F8nOeo0Xl8cKz6sxr4x8hQUr07Futdz3iNat8v9ridfDWPE%2BihrcuKO6uuU72CL%2F81cfHJCo1qzMC2nhpd0vhYeJh4i9nnAsVMwuQbFv1c4UVpxgygMC%2Bf%2FXgGwbShvUrMNiFi5AFkHUfKZZUra4AQblAALWWeY0DcoyF33lc%2FR0y8OHo%2F6q%2BuPe7x64OP2dAQ8Ll%2F01uhD%2FXvNRrUzExze4Y9%2F5CQYPG3YfMMx3Emk6j6m7SpcWSDLjJO5YW0jXDCGQZDKtRxATI9j1pHP3BjE%2FYqDvoffZFaZF0%2Bhgbk0KNUX79zJu0omByLhf9qVmEkvA8bltaimQa%2FeHN0k2Jvz46e74gYpQMDeOEsvYMwJ7gOLQovBvPo5Vk4ErZHOUf3ofLpahU5LdHp6wxXjSG%2BKhQA%2FZCEnqG9vasFKXw1xERNi6%2Fr6MNtB08m7ITT0FpsgSfGPCiIdbf7Z2CMTN9LHa12fF286JrfoJUx0WdOq473ZqUYEoIpUKAXM0sigctNV0RtV1%2BRgvpOOkw8Yu5KtlfE2NGp6E6%2FHO%2BuTNSj1ZnmpFM3jnCeDaXK44loJ0zs%2B9Itf02OcB%2BNBeANCmkL5I5NA2oqVXD1q47ZjPRhL8jJwkC9%2FTq7h3EAYtOZQVKIU962BPj33xUFqxdz1NmobXAyL1RlwXop5lmNaQCc5Fio0fa%2Frq1ROcuevR30db8UwOS7gp%2FAlguj7tCr3qbMeZL9GyMrN%2B4fVnfnei7ZyzMDrGXKWCBBO1KNaqgrFgWBuNxjVGTkyK1l1EjcDYp%2FH%2FKwl3%2BA%2FrSr0%2F3bapuRK60yve5AegOiIRONVJHRvBIgS5urDkQGbIsJlHdcxuyMypgkbRp7uBH%2BAtDNrej2Vs4y5Z039%2BTcxqNTn%2B2lf4XTswsUo%2FnUqufpeS5ybMuBHWIrOHQJBmXdDvOZVe17ggyfttLBIG6Tkxny19UjDNEu8LsHqZyw6OVi0AWApwZREM72GF2M4olnofnFPyq9LrQMFWwgvqkg%2FiNEh1bdOCScsMBY2nh%2BhvS4%2FD9MKM6OqO69xAfOHm5eUb1VFBxicz2PjcsEvFuOokFAoqhU2RTS%2BQqNbQwWl8m0AS4ExVRqbkodUMfZT83K7pumE83CY8ehMsqTY7G%2BMwukdRHj4CqS8j7i31eH%2Btv7EVUxQNRkkbxdw%2BfX6Dj5m3EZfjhFTUQdOcFlcU%2FSdpu4UWKLmDCP8X%2F5s3QbmIHmWMmr%2BKzZUbEIMgFWKtuEu%2FeKEcC5gKz821uKPcyCXwNFdKbjuBABuNkE%2BjTj7YVOq9XMHk3PE849gqbMdzzEThWMhVunMJy%2BxM%2Bidv4eyRP4eDA5ECSf8sy%2FFrBfHl0BRodbwUoqsPkDw8RtmHWCQRiMF9whJc75T2PqKssjgvQGE5rx3APXQy3cDjkspyuZCUn%2Fedsxzoa0N%2FfVtf0i1E6%2BQTvcY4cS1sEF4o26DAZclUTnVFXMTleLqQWAUMcaNEQvAYvoTEhvKzkWwoiFZ4zJAJi%2FCMUc8jx5u35ZwypJicbHllF7v5KnYasmEa80%2Bnl0OmJAbTDS%2FOsG5LdA6Nsilu6f34K6IqLJ5skgSUiXKgJB2hZa6cSo1Te9i3S%2B2WQP1fr3KL4xf720BQGcTsz8posyQKsoLo79XkIIYXnQ2%2Fjtn5BlL26JdMlwl35qtJge%2F0TBKUTVTC8U6tOBeHn%2BdWdPfjescP82Wu9rDU0%2FX54tqkObvbOCXvt%2FSCIjeavzDHf%2BYX0rm8NL2J%2FwRCg85NcGCN8tkIIl7LXllAq2JTbNowcv%2F7B3O50FTXI4RLyZjyrNJXx0yyHsC%2BCh2UB%2Bpe2Y4vSzWURDowy4j%2F7meRrSO%2F0ZdpBhDK7k8OKYzr3t%2FkKFyQfnE5Y2EYILiTZ77LeLDaapwmv4zB9SuotL%2BgIejGW9D40CqX5xVInwkYHKzhEbWzRPS%2F1i67oenG3IgfhPFOfV%2BAz52zC6oTgdzSZGfHq9wON2wykC2ZncubEZNEU9eAMKRIZNKF8%2FQs0FGgqFzyfQqmId3%2BqbeLFk78SpTN%2BRRS16RmgXue7aE9yGSnrRTK2W0XizSAubAQYamyGeplifCdNZYZAcT%2BJv1%2FK%2Ba%2F88iQfRgRhLT5p83f46xC9cO6dsMg703dejnMyHq2%2FQ0J31A9HjMNaIdtFHPm%2B1KpVoByWuPORZVaia%2FBhhPGHJiu9bieP8pePz8BJVZYNFbBCE%2FteUrDZnyd7OSs292kl8KVgsbyfjFPum7s3Zcth3sM0qE%2FFRThGFg6MeeKzJw%2F0zaQ0ZYTqSp4lNf04NIEu4xATZNyN1h8GIwh6HFV%2BJ5%2BWVO3x%2B7%2Bvaq4Z7keJJJrVyjQG31FiECc5Ft5s4Bjrb9YMVbOL97%2FfRw8miWu3GA1zD%2BKYXVHHsUWQWpsGvWvBYPNfFV9WNkxQm9Hf1U3sU6%2Fl7uBt4hnpHZNhpyJ5cdMtV1s74n9emKlXGDqj5m8CbtynCA89etUoJyC67Vx%2BJhBQeY4kw3fiEQJ8nKhUK3uLB9DvfXLvvjsVTgDEcrkYA3h7UOFYf7sXEBFTw5ZMr8fTnILF2FxEFYOt0nYuBjDMvgO8yGPDBlYEK5kFmDJi68cLdL13DkaOKHQAxB7n7PW1t0Fu8CkClLrFAZPyFmm370k2xwaG6s7VFw0N5XokllJph%2Bo7Hk35mkO3DHICPELvL1Y5quEQsWXZdsMkPWt9XcjcUPY3xBjdqXXMggEHnH12xEGRC%2FNiEw1PXjTfuNj9xZBPHjfr3ReL976cnx03NrOwjyCpPhOkXFFWJI%2Bvg8rmAp5KaXpEyaILuBJwYBkxqkx1z82ujK%2BWEWRU1sOe9I9rcgZEqWIeS6j4i6Rcqw8cwjJp73FJaGjufDDuFA8pL%2Bpq%2B%2F%2F4m5dYBhWs5wOcEq%2FlKcWRaOgC5006aKMFt%2F4JXzi5KC1lSSBTe6CK0u8KiByCbYmZjsvnWXUljls16hIPmRTLHT3PKz31gcUt0qfQweLG1SbG8wnqVj22hwKqzY00%2BaCKfl0fZUd%2FpmTNzIcxT9lK6alpfD27tcD8wSg%2FSiLBKhsIg9Xdrp8YdWmS4KCmxbG3QMX%2F6jY1xlWYl8J%2Fsz2ZsbgNL1lanf69K%2BVv91oezaZBMAuln2OkVxqXg9uKZfV5gKJdCcvXsrlpoRKq2JEd89F%2B318i7vcxaIcuDKhENgM%2Bi3ozVI1iEw5Y4KN4aaxvSAKGweQZ%2FIfzIg8uiJ4wfCK%2B%2BaVOth5xMvDqs%2BEFD3TTd6pVVAsXF2CXh2WBfF5XriXy1evYltswYKY%3D%3C%2Fxenc%3ACipherValue%3E%3C%2Fxenc%3ACipherData%3E%3C%2Fxenc%3AEncryptedData%3E%3C%2Ft%3ARequestedSecurityToken%3E%3Ct%3ATokenType%3Eurn%3Aoasis%3Anames%3Atc%3ASAML%3A1.0%3Aassertion%3C%2Ft%3ATokenType%3E%3Ct%3ARequestType%3Ehttp%3A%2F%2Fschemas.xmlsoap.org%2Fws%2F2005%2F02%2Ftrust%2FIssue%3C%2Ft%3ARequestType%3E%3Ct%3AKeyType%3Ehttp%3A%2F%2Fschemas.xmlsoap.org%2Fws%2F2005%2F05%2Fidentity%2FNoProofKey%3C%2Ft%3AKeyType%3E%3C%2Ft%3ARequestSecurityTokenResponse%3E&amp;wctx=rm%3D0%26id%3Dpassive%26ru%3D%252fLT4-CMI%252flogout.ashx</PostHidden>
				<CodePage>65001</CodePage>
			</Resource>
			<Resource>
				<FileName>t19f0.html</FileName>
				<URL>https://lt4-cmi.stratacare.net/LT4-CMI/default.aspx?wa=wsignoutcleanup1.0</URL>
				<FrameDOMHierarchy>0.0</FrameDOMHierarchy>
				<UrlWithoutForm>https://lt4-cmi.stratacare.net/LT4-CMI/default.aspx</UrlWithoutForm>
				<CodePage>65001</CodePage>
			</Resource>
		</Resources>
		<HighlightObjects>
		</HighlightObjects>
	</Snapshot>
</ActiveScreenInfo>
