<ActiveScreenInfo>
	<Snapshot xsi:type="Web" id="1">
		<Viewer>Mercury.SSHWeb</Viewer>
		<WebMetaData StaticSave="0" HasUnknownEncoding="0"/>
		<Resources>
			<Resource>
				<FileName>t23.html</FileName>
				<URL>https://lt4-cmi.stratacare.net/LT4-CMI/default.aspx</URL>
				<FrameDOMHierarchy>0</FrameDOMHierarchy>
				<UrlWithoutForm>https://lt4-cmi.stratacare.net/LT4-CMI/default.aspx</UrlWithoutForm>
				<PostVisible>&amp;</PostVisible>
				<PostHidden>&amp;wa=wsignin1.0&amp;wresult=%3Ct%3ARequestSecurityTokenResponse+xmlns%3At%3D%22http%3A%2F%2Fschemas.xmlsoap.org%2Fws%2F2005%2F02%2Ftrust%22%3E%3Ct%3ALifetime%3E%3Cwsu%3ACreated+xmlns%3Awsu%3D%22http%3A%2F%2Fdocs.oasis-open.org%2Fwss%2F2004%2F01%2Foasis-200401-wss-wssecurity-utility-1.0.xsd%22%3E2015-04-21T18%3A42%3A15.040Z%3C%2Fwsu%3ACreated%3E%3Cwsu%3AExpires+xmlns%3Awsu%3D%22http%3A%2F%2Fdocs.oasis-open.org%2Fwss%2F2004%2F01%2Foasis-200401-wss-wssecurity-utility-1.0.xsd%22%3E2015-04-21T20%3A22%3A15.040Z%3C%2Fwsu%3AExpires%3E%3C%2Ft%3ALifetime%3E%3Cwsp%3AAppliesTo+xmlns%3Awsp%3D%22http%3A%2F%2Fschemas.xmlsoap.org%2Fws%2F2004%2F09%2Fpolicy%22%3E%3Cwsa%3AEndpointReference+xmlns%3Awsa%3D%22http%3A%2F%2Fwww.w3.org%2F2005%2F08%2Faddressing%22%3E%3Cwsa%3AAddress%3Ehttps%3A%2F%2Flt4-cmi.stratacare.net%2FLT4-CMI%2F%3C%2Fwsa%3AAddress%3E%3C%2Fwsa%3AEndpointReference%3E%3C%2Fwsp%3AAppliesTo%3E%3Ct%3ARequestedSecurityToken%3E%3Cxenc%3AEncryptedData+Type%3D%22http%3A%2F%2Fwww.w3.org%2F2001%2F04%2Fxmlenc%23Element%22+xmlns%3Axenc%3D%22http%3A%2F%2Fwww.w3.org%2F2001%2F04%2Fxmlenc%23%22%3E%3Cxenc%3AEncryptionMethod+Algorithm%3D%22http%3A%2F%2Fwww.w3.org%2F2001%2F04%2Fxmlenc%23aes256-cbc%22+%2F%3E%3CKeyInfo+xmlns%3D%22http%3A%2F%2Fwww.w3.org%2F2000%2F09%2Fxmldsig%23%22%3E%3Ce%3AEncryptedKey+xmlns%3Ae%3D%22http%3A%2F%2Fwww.w3.org%2F2001%2F04%2Fxmlenc%23%22%3E%3Ce%3AEncryptionMethod+Algorithm%3D%22http%3A%2F%2Fwww.w3.org%2F2001%2F04%2Fxmlenc%23rsa-oaep-mgf1p%22%3E%3CDigestMethod+Algorithm%3D%22http%3A%2F%2Fwww.w3.org%2F2000%2F09%2Fxmldsig%23sha1%22+%2F%3E%3C%2Fe%3AEncryptionMethod%3E%3CKeyInfo%3E%3Co%3ASecurityTokenReference+xmlns%3Ao%3D%22http%3A%2F%2Fdocs.oasis-open.org%2Fwss%2F2004%2F01%2Foasis-200401-wss-wssecurity-secext-1.0.xsd%22%3E%3CX509Data%3E%3CX509IssuerSerial%3E%3CX509IssuerName%3ECN%3DGeoTrust+SSL+CA%2C+O%3D%22GeoTrust%2C+Inc.%22%2C+C%3DUS%3C%2FX509IssuerName%3E%3CX509SerialNumber%3E74338%3C%2FX509SerialNumber%3E%3C%2FX509IssuerSerial%3E%3C%2FX509Data%3E%3C%2Fo%3ASecurityTokenReference%3E%3C%2FKeyInfo%3E%3Ce%3ACipherData%3E%3Ce%3ACipherValue%3EZrOa%2BbQ4ZT%2BD94fIOojscPYUmCr22RnNxjf7Im6UlDb5WrNXxc%2FpVdcpkdigOEtrWaRKa8mGnsVdyp%2B7Cz8MVRGUxzNU%2F0udYyyfp2n6Xn7JYNqljtDA2Iyk1EqhwYtVYizoBb%2FZadOXZPvqq2nyXYT8%2BJqTMA9TRIstIhFKpbhxVmsXpa7uwMmhTBnp2oPODWaGDsD4jyBUqgfw%2FEVNjXyE7yHbCpDpOr99qzCjAgdW%2FZcvp%2F6pog7NSQlH%2FodY%2F26NuzwaN3YhYoUuyI348M0w3BWq33UoEykoaqjhlVk6SjRsdNOq0isKhIx6ALhm6HtDs5WbOMa3D%2B3VjY6Kqg%3D%3D%3C%2Fe%3ACipherValue%3E%3C%2Fe%3ACipherData%3E%3C%2Fe%3AEncryptedKey%3E%3C%2FKeyInfo%3E%3Cxenc%3ACipherData%3E%3Cxenc%3ACipherValue%3EAhXMAhTKhZwfIY1NfQE0uQW01y7niLDhz4iRs%2BybNYkCzz1dWPjdtZqM2eGbH85c%2FxN8T5LYrlROa0V6YWW9%2FtdnhkhL0ypFuHTzMSy%2BZWgWjq0%2BzX3J4hvPznwfFofz22UGSKXjVhT9zXpC2zNuignLuY8WopQoBzNmFAcoWAOrfXBED85rvsW1gPxueKTl3OQnvXkDsByghGEczdG6l%2F4QZhggbRv4Enz5bw0C8%2FPHHuwj7Tq9FQoYkW1S1%2Fc8%2B%2B1gO9gmHYRwGKvVkD3BO69xvVbDcQt6k%2FNeFNwg8a8FQi7%2FBj0taeV%2FQguTuWWifj3c%2BiK6vfVZt9IbKjqM8XOwvueQM%2BARFBbZ6JfsJutXy8dUbFitlyYClkt7oFDXyoSqyt47wklz1B9CZYaXsapBDKFYZ0zrL%2BGAE05yupz%2BvJp%2BUwY1FEMkBOj52KxP5M3XduLKKlWmvu2Yz1J1Ae4EsgHPftFyPguNaHXe47XdUA8OmK4FtFop1bnfT2a9e6PJnVmvU9faIzHjUOtIVoC3f3yHmQ%2FvBkZJKVXy%2B5FQ1auU55%2FhPHFXxkk7DEArNt5IYpdhkG0KSiaX88IRPTRAhNQhakW3aW0Al%2FzPfjpu2HV3zH3oXh0B23zEEAoby7amx0grah5Oeb4pyEH2eCUZjnAlxHHhZYCmZ693NiaQQI9z8mKrBSuehzPmvUimmM%2Be%2BkKz%2FaN9AaOunjrck4bb6lOkizGy45MCLhvIgy7Zgh%2BMngwWhwNxnJmftBJlAurKyjumtIWiBotcZMX8xffkLRWjmswpeHQSNX2LDRs5jtLCpsItBlXbZ2IG30qDrR5xZ1KApC23iKlt8MR6i%2F8s38isYVmwFFNXhjuUfSmvUGiLBAQrJdmccChlrCMeC1E%2BHdp4pNNPFTsIDRhkVJB4UUAMO9rYkRbk2JQZSffhukANk9%2B0HKmK%2BUcfMy%2B4Vhq7zi%2Bek3%2FB7KUwKc0xWaMcGQV3HQut0RTnTDIIBPTpbqWXnq5368jYLPkX%2Fhom3xHjVGXQeuVwSIK3pgL%2F0fiY%2BVhYLk8NenrFw9WMeTpaS6RrRem%2FBugZl6aOF6UEiElqfzXdotKhqyQd8Tx2xMteleVkhyq%2BwOZKrOk4PnqkSpU8%2BadHwiGYVnA%2BJ%2B6dv4LRXzupYodwAgJ0Z5IDQ1uxXq2RGMQ8%2Fh6Lr%2FQeg2RYLFpvpvthjcHNhEMh8LjY9LgPbP5wYELza%2FPGobUhhF4HRQkKMf3jvaZnXao4Qpva%2FHcduBzGSSIHhlb3884kxO%2B7PYJbiB%2FOTGLaVTvveuv1etx0zrvAQhjSDWGGI5QluO3BoBGWp727GuJ0JMli4SAKX5cFimc%2Fv0tGsTrTokdtVh%2FtaB0LFjS%2FWksRcQ9pnaEvaGq1uwW9YOW1AHoZ5u7F%2BXNBV2u%2BD7UIgPzPLtk%2B6a5cQak%2BCTNsaCIXGH3lpaa2YZOvx7ZxUgpFepXzZgzJYy6IZ7MkbeNEEFcxuRjF0NT9n%2BlP2mYl2IuVtvVvufykQJSRfmrNVjowunX%2FAUPd5sljLvhZ9qV7NF2biAbwQ6Un9DJpiIDnGyyTsvSJ93RK%2FzzFG%2BCALwVfZkN6bAMQfJjRFqyIB8zHNTFCYblOLBXGPLl1KRwM%2BEZhjPIR8R0XuwCJDo4rNspPCvhdck28T0kQT8i0m%2BLjv6wBgcobGTeyAoypeM6HMx7WTLJPAHm47hJQJvZQ8Bo3n43j2%2FcGQ5S0eh8ItCEahbNcrvfYAlqJBb4CtlJH3zoRwMfqcJ2YdrjABEKNy9L5YmDDzT%2FpJwJaUZLyU8lSqSdFadNcOhoORNmJ%2FqWLVZanXalpsMBCwQrLYM8sIq3cfX0Pzgcyid0c8vhl9uGrdTqQkYvUCaS2%2BCdrXIhrDVi7y1Q4XweGDzWHbFg%2BMuDZSONOM0%2BB8VtB0SryvY8Gx4wnDWtk6fEIVmi59nJWNma9DhohvMvKlXJeXY4Syjl1u989JB75fgkVHbdHTnPsfCFH2qQ7a3tTiqLo%2BMvaYrOP3niQ2ke%2BypAo6fLr23BVC%2BwBXXA8NTeVkaCBRDcoam2pF60MJevFamOBOavo0CLwJcZj1rzUYvKfafaXVrzYjLQV0Cl%2BXQY8w9KKiSzqW3N5D0kND4Yd7KbgChR8uJMCKOFQLCLx4AiND%2BEJ74qQo0K73XRPtz502IZ1u2mg5GlOpKIOOYx0mnk4V2ZdBHAsmuQOEKXcIT5bDOriifQKMPPgOLV0Q78knE2SEsG4o1mZS2jE9vOcn%2F9L3S7VnefH13RDsKO535nRu2nrIRvElZeZuWv0xMlqRiR0xsb9BoV6308lM314hcfstkG2hf9wrNMsYI7pZgkvwduEQQV8p9jNmZvH%2BsbXJSPh2Kjm8Oz8fSx6%2FzEfp39zowA9VOHvIF6Rw5Y34wmqZkl4wxv8GyeFrJRKpfVKOjXmIELN%2Fy%2Bwql3n5DsmTIvPSFiDPBuA2fZJ1EOTIwvlUreGC%2Bsc1IUMclR9yw01vvbASWYTw2DT2%2FEewszPp5%2Fija9YTlKYzvFh9PIjKSItQZag3%2FM684lvCZDB0uiCKbOegoGfzPQ7BjqoyNWROaoZZKa23Z%2Fspfor1o7rjOrHrBSr9Gb9rjNmltTcLoWyYdebyqEEdNbVMktppJPyDW9vkUpx6LNZjqeABanxOeZlklJ6G1qpsBOfLKVSonvHOaigZJzyamJcY3L6bYPY2WrrpSuiBbk2wY3li7FfHdy6it34WNbciHxLPvOXRkmSwa4%2BNeV3UAv0FeGEhl91kTbLq4DigPFtmYbDxvtQhZ2UCUA6seprpJtKpTqsBB6Lb62dHbbir5%2BzSCn7Bk6kFZtFMYYZTyum5rEkQ1L9IHMbFXw9TazRZbevoCVYYla31a2LqGymUbhg5gRkDOT8DRceJD81Nc1BVrwxsCFHuCo190B%2BBfbhlBDlh4tr3b0rMbzGqTuSX3t71WLaQiRXIAJzzg0LwzbmkW6kHHV%2BUB%2BJKmul7x1CYU3UoybTyWXsgVapKyxIunvcU6sS73FqoKhHbxNnyIlJ8K%2FkGmqfnjXGeal2ZXy3WNJoBu0wH4DsfNqdVleMXHCBcIEFFI%2Bj9jK%2BZVpE53Q7X0piHhMI8O%2BDjpsngwOSzwlLS6gWZNcViYC6r%2Fsv8f6A90oGgV1GWCFCihlDwin7Q3ac4JoEoTTHbCl9YJJq79BrvD5RdISgVqVLv7aDamG7YJ5eLUITTWu3TgDdG2bQiJLjN36GBFn7I6BDiwdCUmdjTOScGsHr%2F4iiTHtrOXU1zS4cirOcx3x5bRU0Ge32eYCQ8Snc5u8GqQ%2FeqjXBY8hrVo5cOAG499oUMxfzB7R52OkLr9QIEaZB2qMkQTYiD%2ByCrLeAYVLqILZ5ErN3eYXmMa0PbEAkfjHp%2B9zlWk3aMl27JFrf1wPZ7eQYofXaNIa1ZEpD6xC2V%2FkBQteNht1NTS20bWXE3Vcw28ObgZ3ac5uTxMYkaCA4stqWeSEuoBajhZWj1FFXaAigNb3iKP9lriRi1XwytrUjGK3nTFNK0qZZ4VJYyQzKeWfnHh9r5zdrcx%2BWmuvplX0UwFLEnFRlPmFa%2FvXntQlUxz8nxGKLBb%2FlKEpIilFeMf1gMU2NLVmEXQ9XqnpYLnLgqD%2BSXCtinY2CsbBhHnow1hzko8vRP82Fx5TO%2FyaM1J0%2FevF%2FPHrAU%2Fc0E5UWTbJpEGvNpJmM3HCsKiRcsoPaw4bhACDUyA924VJ82iZECC5FMMrY%2B9AQdIA39lf%2Bvfkc3rUDF%2BYjwkLzCwkh66qCZ5mQgW%2FJso5iVF5%2BvRBonKdUKhfJze4RRrH5t6n22SSiKhUprc38X1QziVGO%2FBNW7FD7%2F23AOQ89yi8MIANsOBaIYTM2xCiU0n1T299wS0xBIfV6WKcnchWPBMXgZ9Ug3nwisi2C2gG3XfUVb6ZWV%2FQs%2BwTOot%2BD23tgTH22rqzuWRJkPQBvFryEXH3TKrkoGBhbC2H%2FaWzQCanGPw%2FDZb8EzdBNZ1qrMU5IPZFdPlvVYfGDtbnNT0CU0HSgmKbytNvjjuKXVfp4AJo4Vs6RPxQaXzXgSlbfbs08t9wcMTLGWSp0JpWASw%2BSuI96t9%2Fo54JuPwXVaF5DybeKpKCMe%2FGn3%2F3BDQ56cuGrXQL5rRUrd7fTwCa0OER9ECIDX%2BroCxX7fJMLXuxa63NgvIDePsp75Nq2cDei8Nf81LBwfP4%2BK50SpZUmJSK%2FXEeO%2BM4uINM3xMjr1F1pKppG5a6HDStK7q0abacM4aXeG%2F83u4HQey0mY%2FJcmSwcvPvdzzPgeTZEcDHH0CL91WIAO47D1SyNhDpo1XYi1Zh%2Ft04Y5VxeCac4t7%2BWFwDgB6IvCQCgcGGKuUU7%2BB%2BN6ale8IzbvnhWC2cmMWfygHg130B8I6dhTqpJMcJAyrsILLUSGrKDD%2BOpDUdAbBEnAs10rQ4kYVGWSWqpEkHCwYBd5EWJPdN%2Fhv3ZvO%2BxLGsDe1mgasPjxt2oQm63Avbuk%2BRFKGQMcoFjNYzjO%2BhDrzj6SJjWuhvfvsCg2gAkbdsRIXKSMIUJ630Yxx36Z%2BDZHaOpdXiCXeuXleIYuSaz7CMv9RcVz2i9avXEay7VyiD1fjf%2B10hlr%2FQS7RiiUFfh6yy6r3eyc3hfzBS4FFdVONzjsxzGH8o46NtgF5tSV5jxMPUjezQafOJA4SNf01Egj4i3V2aeTKmmHmGgYcd2gd%2FxN929%2Bd5I8WxKv73QLvwNkZ7Atm7tjSQQER7b%2FF1ZxqjetnQdFBNGfzBYURADvusmv1sDbxaIEQ0VI7NnaHMxJ5wgfphlMQ9rPmoS2ejsBtyXMvI%2F%2BH2yRd6Mt9fLTCwNOZTJy6jOvEPyiD0q8wLwNeBD9tJJOR5zG8aCRbMZivWoYdfPXy4qyDo5TuYgRFrrg0TsjKrpHU5HRtQv42Xf%2BgWwoTJQNx%2BV8SiLN%2BNv%2FFoY1Hxm2OO2z1PFQgz%2FxBz9kEgX5GYto8udd46oJM3JJspVZiQDp4%2FXb25i2VOWO1Ybd%2FKksj60ZiEPH9ZzJL6%2BrsJwYRY%2FLh9uM5w%2BL8s6PrqhIi74uWXWuitcNCX%2BvHZvDpt%2F%2BHNzvZ0gTqmnDuUW2T1NaJ8Jtpi0xWSpxs9VvGMDywn5fdb49Sct8EKxVbYcbgPKLHLPlEpvxMGZw44AG2WGCfV8Be%2BiGxVnb3qkIAC3cqjQApc4mlE1rdXEw9YFsIOMoLXFuehI8JEWM89TxKvc6BtMmOV30vFTZ304kp6lytWzFagQpXAhVESj%2FQ7G9TFPY%2FCbqeYOzD5Nt0lPzbejUuLTTj3gW%2Fbh0aZTMPJvcCa021e2Ved1M7PELBGLK%2F00i6zRPBP4hetO%2Bcvj%2F3S8PznqD1hp9dy7Z4fcfJzC3Y0kmr3zu4nKRkTtcmtHk5y3pVm9UsfTfTwOzLzly2WDLG9Wu6xxyxsMClkb1PpkYESxjxq8GfiHsBuh%2FD6RGdDVm9l7Q3gS64FDOzxBvmH8CVMKWH%2BklI%2BZ11jpF0DQarEh0c4G5qIYHw8wStLtpe8EGGO6ImhzbcvM4fvrgiNOfyUposDhhy2pO4TPOpb6A7%2BHHJtoxtBXu4Gdn%2FBXl9Sn4hMe4oRWxjpEK8CPdn9sH5PFs7926zr8JaiVbkgHt%2BPss1PIO9B0bP7fTH2brz2rsx%2Fq8zRrlaxn7RLEOG8g%2B4yDAFwwAxVvu3egPoa6TUhE0cVjvUrH1JJm8lPrbqaTSUVWeRNgVs5E3GzBpiwh2Dj1SgmEAnq9T2GVM3cLDjaO4v5J64zRj%2B9JHoe8Eprgma4OuPpEhFwaJ4KYPMjN6U18e2I7bZdoCHSq0OOb2pR%2FZODlZM15kbP%2F%2Bp%2FS9cu%2FnojfMHc5%2F57wgv59C7geDI420F0%2B4dFA7%2FvbM98qreLnDTaWo19ZOe4SxPD%2BLdXSrngZ3%2FqsLS3blfIQqqLOYrHN6M%2F4TRAMnJH23OpORjuTpClQYxmVoReyrdUkyhbcw2uGKLv3eOn7N95XCscq%2BUb87sPPXNZgMsLaNq4nq0yRajMNSK6ZgCqF%2BTKkIXIzZvCO3DjJHyBeERw2HAJnUcmdLlOQ2XVrttKXSneDeirqoYtQ6hsCrqPFz2T2zJfUk9TZvLaFIN1oeBhwecuKUAAho4fKX33JLjet1j9F4VX7KGfr%2BIP4B91ixH5AmDZ7bDRf59yvojHg3K8nWge2LgYdM0AKRntkhOlmajrp%2FVj5f7MGvBk71wyU72VH0LYNy6D8EodHxWYbOq8y6bcjdGF5YUTTEDB0bo%2FhXKNJ1wjnLUQFNnMvl74hY%2BsuHZvm5s%2F7aciqmT6xj411YnDnQPNC4q96kUSQ0UsMY3xlr0ZRhSAxVJQMd3BeW2R73vTN2x42fGnTJ2EQaSTJqW8dZAL8UMhn4VZ8TERrRP%2BZGvWFg94McVRhssx2OA%2FM7siepQGAsDEpispxwHyLM%2BQrNR6pMTaL%2FxAGGtV62g1uX4f0bgaj4lQZEU3yG7ZRGe4NO71LLgUACOJ8mlDtJg9d3fmJXvY0qJeIUQNOGbDS%2Bbs6xxLy%2FNL85dntcIbcfmBnTg0lrW9jPxs09bm3QWrkV2b3FshuogP9dNH4P4ggs62aOBOyIzpFOPRXMFaYkHvCcLnQeuIB34%2BP7JcoLPqO996rfdfhMqj9GvfnI1acdoTvS2SOOHIfc0gDvswNz%2Fgeh5FpQooBctVkGH8koi2h6notzWK669%2FACvgioJytkNcR4AMeaBGtJHp4r3SuDYRzieCYekZaKQ73W%2F3gcwzBKO%2B4I4RkegUv7pf7uH3yfbAEC29tGY6x67rFw%2BpbKpZA3NSWlueo8MxsjDzMohfxZNXZC2zYCvz8nGsxrKuxm1GPPhgnTKIBrDuUQNinTFEA2Gb%2F%2FaWDZT8%3D%3C%2Fxenc%3ACipherValue%3E%3C%2Fxenc%3ACipherData%3E%3C%2Fxenc%3AEncryptedData%3E%3C%2Ft%3ARequestedSecurityToken%3E%3Ct%3ATokenType%3Eurn%3Aoasis%3Anames%3Atc%3ASAML%3A1.0%3Aassertion%3C%2Ft%3ATokenType%3E%3Ct%3ARequestType%3Ehttp%3A%2F%2Fschemas.xmlsoap.org%2Fws%2F2005%2F02%2Ftrust%2FIssue%3C%2Ft%3ARequestType%3E%3Ct%3AKeyType%3Ehttp%3A%2F%2Fschemas.xmlsoap.org%2Fws%2F2005%2F05%2Fidentity%2FNoProofKey%3C%2Ft%3AKeyType%3E%3C%2Ft%3ARequestSecurityTokenResponse%3E&amp;wctx=rm%3D0%26id%3Dpassive%26ru%3D%252fLT4-CMI%252fdefault.aspx</PostHidden>
				<CodePage>65001</CodePage>
			</Resource>
			<Resource>
				<FileName>t23f0.html</FileName>
				<URL>javascript:&apos;&lt;html&gt;&lt;/html&gt;&apos;;</URL>
				<FrameDOMHierarchy>0.0</FrameDOMHierarchy>
				<UrlWithoutForm>javascript:&apos;&lt;html&gt;&lt;/html&gt;&apos;;</UrlWithoutForm>
				<CodePage>65001</CodePage>
			</Resource>
			<Resource>
				<FileName>t23f1.html</FileName>
				<URL>javascript:&apos;&lt;html&gt;&lt;/html&gt;&apos;;</URL>
				<FrameDOMHierarchy>0.1</FrameDOMHierarchy>
				<UrlWithoutForm>javascript:&apos;&lt;html&gt;&lt;/html&gt;&apos;;</UrlWithoutForm>
				<CodePage>65001</CodePage>
			</Resource>
			<Resource>
				<FileName>t23f2.html</FileName>
				<URL>javascript:&apos;&lt;html&gt;&lt;/html&gt;&apos;;</URL>
				<FrameDOMHierarchy>0.2</FrameDOMHierarchy>
				<UrlWithoutForm>javascript:&apos;&lt;html&gt;&lt;/html&gt;&apos;;</UrlWithoutForm>
				<FrameName>I1</FrameName>
				<CodePage>65001</CodePage>
			</Resource>
			<Resource>
				<FileName>t23f3.html</FileName>
				<URL>javascript:&apos;&lt;html&gt;&lt;/html&gt;&apos;;</URL>
				<FrameDOMHierarchy>0.3</FrameDOMHierarchy>
				<UrlWithoutForm>javascript:&apos;&lt;html&gt;&lt;/html&gt;&apos;;</UrlWithoutForm>
				<CodePage>65001</CodePage>
			</Resource>
		</Resources>
		<HighlightObjects>
			<HighlightObject>
				<HighlightID>HIGHLIGHT PARAMS</HighlightID>
				<FrameDOMHierarchy>0</FrameDOMHierarchy>
				<SourceIndex>317</SourceIndex>
			</HighlightObject>
		</HighlightObjects>
	</Snapshot>
</ActiveScreenInfo>
