<ActiveScreenInfo>
	<Snapshot xsi:type="Web" id="1">
		<Viewer>Mercury.SSHWeb</Viewer>
		<WebMetaData StaticSave="0" HasUnknownEncoding="0"/>
		<Resources>
			<Resource>
				<FileName>t29.html</FileName>
				<URL>https://lt4-cmi.stratacare.net/LT4-CMI/default.aspx</URL>
				<FrameDOMHierarchy>0</FrameDOMHierarchy>
				<UrlWithoutForm>https://lt4-cmi.stratacare.net/LT4-CMI/default.aspx</UrlWithoutForm>
				<PostVisible>&amp;</PostVisible>
				<PostHidden>&amp;wa=wsignin1.0&amp;wresult=%3Ct%3ARequestSecurityTokenResponse+xmlns%3At%3D%22http%3A%2F%2Fschemas.xmlsoap.org%2Fws%2F2005%2F02%2Ftrust%22%3E%3Ct%3ALifetime%3E%3Cwsu%3ACreated+xmlns%3Awsu%3D%22http%3A%2F%2Fdocs.oasis-open.org%2Fwss%2F2004%2F01%2Foasis-200401-wss-wssecurity-utility-1.0.xsd%22%3E2015-04-24T18%3A59%3A41.998Z%3C%2Fwsu%3ACreated%3E%3Cwsu%3AExpires+xmlns%3Awsu%3D%22http%3A%2F%2Fdocs.oasis-open.org%2Fwss%2F2004%2F01%2Foasis-200401-wss-wssecurity-utility-1.0.xsd%22%3E2015-04-24T20%3A39%3A41.998Z%3C%2Fwsu%3AExpires%3E%3C%2Ft%3ALifetime%3E%3Cwsp%3AAppliesTo+xmlns%3Awsp%3D%22http%3A%2F%2Fschemas.xmlsoap.org%2Fws%2F2004%2F09%2Fpolicy%22%3E%3Cwsa%3AEndpointReference+xmlns%3Awsa%3D%22http%3A%2F%2Fwww.w3.org%2F2005%2F08%2Faddressing%22%3E%3Cwsa%3AAddress%3Ehttps%3A%2F%2Flt4-cmi.stratacare.net%2FLT4-CMI%2F%3C%2Fwsa%3AAddress%3E%3C%2Fwsa%3AEndpointReference%3E%3C%2Fwsp%3AAppliesTo%3E%3Ct%3ARequestedSecurityToken%3E%3Cxenc%3AEncryptedData+Type%3D%22http%3A%2F%2Fwww.w3.org%2F2001%2F04%2Fxmlenc%23Element%22+xmlns%3Axenc%3D%22http%3A%2F%2Fwww.w3.org%2F2001%2F04%2Fxmlenc%23%22%3E%3Cxenc%3AEncryptionMethod+Algorithm%3D%22http%3A%2F%2Fwww.w3.org%2F2001%2F04%2Fxmlenc%23aes256-cbc%22+%2F%3E%3CKeyInfo+xmlns%3D%22http%3A%2F%2Fwww.w3.org%2F2000%2F09%2Fxmldsig%23%22%3E%3Ce%3AEncryptedKey+xmlns%3Ae%3D%22http%3A%2F%2Fwww.w3.org%2F2001%2F04%2Fxmlenc%23%22%3E%3Ce%3AEncryptionMethod+Algorithm%3D%22http%3A%2F%2Fwww.w3.org%2F2001%2F04%2Fxmlenc%23rsa-oaep-mgf1p%22%3E%3CDigestMethod+Algorithm%3D%22http%3A%2F%2Fwww.w3.org%2F2000%2F09%2Fxmldsig%23sha1%22+%2F%3E%3C%2Fe%3AEncryptionMethod%3E%3CKeyInfo%3E%3Co%3ASecurityTokenReference+xmlns%3Ao%3D%22http%3A%2F%2Fdocs.oasis-open.org%2Fwss%2F2004%2F01%2Foasis-200401-wss-wssecurity-secext-1.0.xsd%22%3E%3CX509Data%3E%3CX509IssuerSerial%3E%3CX509IssuerName%3ECN%3DGeoTrust+SSL+CA%2C+O%3D%22GeoTrust%2C+Inc.%22%2C+C%3DUS%3C%2FX509IssuerName%3E%3CX509SerialNumber%3E74338%3C%2FX509SerialNumber%3E%3C%2FX509IssuerSerial%3E%3C%2FX509Data%3E%3C%2Fo%3ASecurityTokenReference%3E%3C%2FKeyInfo%3E%3Ce%3ACipherData%3E%3Ce%3ACipherValue%3ESJZ96o%2FuTN0c9amHAr%2BsdE2a180n4mzNugWxS5Sc430zgn3EiEbVnlIJLea1AG29%2FGmOp%2FmaVnQMh86OPZ08XfUvOcHDG%2FjI01zbv0liFC4JMtXsmmYDq81JYdPdWrBA5Q5bB0XHQFFiHvBWCBg6ZLBffHITQYHjfNmI8IrhleJEUNHEO%2Bv1t9ZUahMo7X1q%2FR0%2FSAedo1b%2B25hlAzreXO4s4c6MW0cIF3kGeUgRCEhRQTchyR1sJooHF0qq1NHTU%2FVvXIPpBIHNntnJoR9btac4IL6dP3r6O5Y%2BWrXNdwxKj974tBOPkWOsAjvTcq1G%2FfVKr6%2B1u1dDeWp54BXTww%3D%3D%3C%2Fe%3ACipherValue%3E%3C%2Fe%3ACipherData%3E%3C%2Fe%3AEncryptedKey%3E%3C%2FKeyInfo%3E%3Cxenc%3ACipherData%3E%3Cxenc%3ACipherValue%3Ew2VV1SJb1dr%2BT4UhsHZdqzPeY8evw7FzQI3hVXu8YMstxeDtvfri6ESYusWwp5NBbWfrdO5IWIPb88uRLyX%2B83zRKtL9%2BnhaJ3dqrnGSX9MMqFcIylFf4v3vH6OH9oTs5KeDyFBwC03EkkllQCVnIb5dFW4Q2Ov7u3DfaJ%2FFqCP34CgEElTBM%2FfHWyOX%2BEWsWw5HcZQEdXgxmq4LxtRzTOcjxv7LIVC0hoCnN728h4z%2FuqPLvSzZg4%2FL5zoe%2Bp6RHJwtvy2ccg1R7f6jH4AY1B95p6MUtX%2FjJ5WTo1s4OO53XDxKNZrtnayg84sRhmv48jrcTd6iMemZ1tJvx0HH6BMMF6AQCttbLPtuj%2FgERWAfJh%2BH8dwTmMzJVZSh3kv2%2FMmfR%2FEPXWTGBca9DN%2BECskbuSKwCRNYXgwWmjAyLzSUT8SPOLRmwDqZ%2Fhth%2B8sRBfj%2FJRSbvaX1olHrBhS8E542QLLJLtuMulK1YPSIGagjuOxqviV7BHxRaMtNaw%2B6%2BIRfuAJT6iFbKXI0GtFAvhwFQHqU2%2FsFRv9ybJSG6gtmxqSXTnlYxHhToJ89c%2Fahtk2zHKF%2FbRihPSKGbRKPe5ARXqRmbh03kqZhMKNeewU9eXB86%2Bsjk13e33qh1iIfyJKpXF%2BpjfTI4i%2BL5%2BxKOo45QA6Xo3S5bCqN%2BfyVkX6%2FpstLvjgLjKfkvE4o4g%2FLoIV0gSqjpPTK5lStCt3tNJ2BH2LUhntcgdOwKJbKvjtswHDzz8EzDttIX4T1UMfPOF%2FcHmBvoWykRQoZdOA%2FV3XSHO0CgMbUpZhNLlmpvp49xv2%2F80iMNndUk1l%2FvD0itKd00xW%2F2lgp1DaGRAjrzdGZHtUWHPLXsNnm7%2FNyEv%2FA8eaD9jWViKESe9dG3VnyfgrQDFvgiS2u6nsTwXCwPZVVmZXmGa7xlx%2FTNcg9CBVwE8Dcn4qvE9r%2B97h3qKQvMtQ680ciA62xHji6wIxcrKrzVMwc35VgW6aNUIih%2BB7k53bpstxXWEs4kY4nY4Wuwdg6oCTMtLbla9qQ3qw5LmVYdbi2bB814dnMx21PUX%2B5KEDaqfg0MxhjCiMaWh2ClWoxxLBmGWAURvtAn2MnwwbdxcUE5eqfJE33SEsD1yQOphunho9qyXZDU2O%2B1%2BlW1hLfhwxSGX%2FJHS8ZD%2BJEXYDX0MFlvtklZbc%2BvpBHsh66%2Bl31XoIqnWsyMKyZyMHQg4qKrmQBwX1jnxLQs61%2Fu%2BKWHv9JiWe2wFKQiqHoRFI5KeE%2BtftDNRN33tavrKVv38riR5LHRvvoR4vkS3D20oj0mQ0uRhYX0VvhsVSDAwYc9g4rM4rVHvnQ2NjGVa5ZtnTusd3vupWfH%2FIumjHkToEvO%2FXZy7YCf0chzSEaQ7BbjZuby6OWFQDrSZa9pZO8UdbBOlolIGzvVSEHPPpxHiEoHNgZ6aigZlXD7%2FsDOYefnoaNdv5qx8DZQnkse%2BRm4Gr9SMfzUOOy9CxdIeJLIt5rGlEH7D0kww8ftoszLCFRLzMtVZKbNdatD5ZXeWRAtUpDFsxT2tzN%2FqWUc8IhC%2FBLZKEXMs2bl4X3ejOPZ0aURHAF39kKC5Be7FDHAEbuDON58BPzMq79gBlgphMKky4MOW6ij4qdiU3zxW4c27RyB6AL2B6JKhPQhcMIMz0W0P7FOD4QbwCT8IY1j2%2FKq7HrE%2BO4rolSJiBPfY0IvCLnRRqbqWnqS74GJuAStEJ8KanH7o%2Bj33w3SVUhUaVuCwyf%2F%2BKsfXjI12H367Y%2FRoR9MvTj5h1qaIo0wyeUj62iKfGMRSfrw0Aq3aNoR0ziJwOi81ChuPbmK7zSghiTnXyaP%2FnuDrhbIhHRcjt8NU4jOa8C1Aj08OuLNjj64pBA7IxeErRyma8GAPQdUJCKe9M7UnG5WX9RfbvyUG65cfyn63va7GDFpPu%2Fv%2FXRAgnlddioa20iHy9m7j53oOeu4%2FqDWGW0MARIdYIYjnPxyMPJn0xcQ5ZwFlnLQz6scDhhbdUPrG%2FkwRTSoELDlAE3ALheZaPf9BMWcD2LN37nYQg1GzCFsdhoj02GM9dLYRCFZYR14R3bK3hPwD07f4fszjcLjIEvApN79Ias6%2FZGNCtpaK5%2FlDbeHXIjNTPFMKEHb6EKSFpYIWIlGJbNnodeRnwt2Pn19B0m1rxSQq4I8Bd9S6CtJW4EIruQsf9AcmMjP8njj5bmmynzPuPS7GPpG7mzE4BfODleWIEjBv8Ppaap9DgAbOIVhf%2FwmlDrsi%2BUsCoJLfWbxHMA4z8ejqivxcTWslldSKirCJkTQYpn%2Bu6WOVTP0tRZgY4A8DAFofih59%2FrU8ButaFiPWtcm%2BWMl5EZo2HkNxbhW9kDFYn%2FiTrsluuQAA26jq0kRdh%2FVmySZ6NPXDqWosEFhfPgb6nqDt%2BDQvqQBtuSsgdYan5mSIDAT9WBgvvn%2BjJo%2FF5yHTV23XzwaYTZwOIXyDerjx9fCLeWkwSRCCd3i2YS7%2BBtl8YIkY%2Be3DM4t%2BTUieOuUiafJc7PPTl5l2qJSmKejGSHVfsciD7jM46zSIFcTN6kLk%2FDLPortPT9ZIE3PZE%2BOv96cDzAjIxDScliBZZ%2BFUo5sx3wiFhL0ja1qP3FD6g28t7HYkj%2BAT7YGehmQ3yqA9GFaIs6J2e4ZBETIMWH%2FkBb4SC2qOH266Mr8LWsk%2BJZadZjbYNt5qi3lM7BDUzGDYC6LUfJzxpU1de2d7KYJk%2BGk2DA3TAm7sCX23cBP5xprv8TqEfYsLzs%2BDwTw3pYllRPazM11K9RYIaBKgmLDrmHVe%2FeaUrloRwNO8NMCmrFy4vHLlpUh2vTiVxXTjWguRqoXApThrE6YG3SKZDuTQq1FOQaLXZ%2FGY9NU%2BDVsV%2BpigMwFvzIfJOHg47AJY7XXh1Pk7A0MJ4kfhsFnVtFgzZEWwtkPqnuuBMELmzstje9ao%2B85cJPrDNm5%2FdeXRd04pj7OPWqu9FwHwpQz1LtIODplbZ%2B4ER0ew9M%2BowRLTXwqqkt8b56JTxaGNis8Wm%2BtziQOjC5KztTxCHp9XlHwY%2FGFbV3%2B%2BeUdlHx2XG7di7CKjQG5ZFh%2FMkvHyFv8V958ORl9UibbCeSMi4D8XpPCrL3PSV1NxJZbbkL63%2FKD%2Bg2Nob%2BWk%2F23TGY8M%2BWaIj8CvR9XxY2mrC7vnATcbkBxCYq9awsFega1WUJRcIJl4MyUtZ3VpMjoxeTmsAPs%2B7AUy97ngJ5U7lwf4PvVW6dwy4M1t0wLsNzoV71lG4Dq9FqYNbIV8xUc5otQ7OXwUVRbcEnKkm7aI6M6dHDNT9HpKzBqu20hDNpXIp7LGkWmmB2Exzf3x%2Fw%2B6Bm3SzOUadUSUOLhaFbUzHIHDhlLNUzZKOrTVTtPelbIsZ1s7jDE91hyItG1IJZB3hbZqGSn6Z6Rg5lM9e61YmqdzGkQF45Hzwn2cUyrcnUs4HntGXBWy23X3IVVNZlTJqtbepDzBBBzjNXFTPN5EIrhoSsGnsmNpCWnILVvPJXv28PXd%2Bx1oGTvy9IAtNv%2FOVGs8TlYJG%2F2BxED7fXaTUR%2FX6M6CpYV3z2uiqFblNEeXMKZlYKKz5XiXWWGFegG9vs9xbtneBGTZXz7NuJsbswLi8ZoPtIpJ1XwctkyILIVFHO0cMu9Al1EkIEkuKXIAyFuwVy5vH%2BcUBVBmKu8qmcE7qIS8duHUHv2wPl2yDatnCZ6SSH7%2BOJHxahy6J68rWsMMGNja3eQNISYOwGTC37tC2oZNkfiNecLy1%2Fu8pNm%2FbmvdbNxr%2Fid7k5GHyjs6pA3tHJye1auIXfy316ASpWCqX0hdpVsA%2BbZLV382c%2Bbk9ZWmwuql2q8CzA1NGfmED7Dy2mI8G4fWimoLt%2Fs8wui6MaWIBWa8keFh8p0MggGNt%2FHDaxfJDmcKmN5cYTGRnJpNhOq8vPbWNHJlssXpiItwgM7vcIe6%2Fa%2FztumkjJFam3jqGgog4ga0mA31uA%2BOdb5JHh7A%2BCDcWVVEvXK1NQ1HtJBrd3y1Zxb%2F37hHL4owJ1370uQg2%2BZZeT84zRGpDv%2BXAFmYZ3tXT2qCnzicwPh267s0FS1L92Zs8i1qsvJKeL8MxwR0EJU%2BN4nEfYWW6lQrSXMHw9Ap1MSpbKfusbx7eyl46l9LCLi%2FvshrAgZuDF072D9EiL68n3uv56F2Eriti9pLMKiU6m%2FONLpszOqPxGZ6l9aacaI02WOQxaMxxp36zrs%2BgKIAZYeGfZV7P0xpBtfLxbt%2BgX6hIWIUIRi1VkvpnhtE5sXUIxnBAOFtQsZ8ftkWhpL3bKU%2B9xD6yErvv7dhzcqvbA0o1iGo2IcJ%2BcYfA8AJ%2F1M%2F7%2BqM7x2F5C7Tjbe1c%2FXNJK%2B0%2BMyBIST8m2RzBz%2Fr3a2mqmzmawTWGj2WeTWL9JKOcTMUIRaf6x4ieNmdQVQdAas%2FfWg14DzWGrhLaWD1z2yw2xbuOnepuYMsArAzYVrGMsFpZc9IUeTo4tspQlRoT0FlNGmX%2FLBQ8QHtsJ6f36F%2F8cQYU6EKox898gnzb4qvxFoHhU41A0BZkzTFHIZcL2hUa4oLDLFHPqtcggNSlemoDPIbmsHJ%2FA1LS%2BBruYfxTTh1HJgIoXCdwNU5AezsegvJgPyTe9JTmBmUOQZ%2FgewI4WAL6C%2FBusVHa4p5tSTkZ0oYyfiah6vupY%2B1olSfQCAoE0cKMBwsRHxIVq3seJaKzJHVfDb81SBMbpo5vPf8s%2B%2BKcaTwBvuaQPPBDDTJyBiC5hpPJHp5asDfXhN2x3UI1RpLsqz6uo56rnqLMm0YXCcGNnXCAXCnwmYVBNT63ghCiEdOYLzZNeQyE0NmvWT9GT10fVxXMpl5pGmy9DCPE7sutHQp%2BYrsrN%2B7ULsVdjT6c7PRFPzRG04Gcc0tjhnnLpoqTqmzTzEI2YD6zA9QVvpJ6IJp1agIUVnKJZjVImjTr6DLYik1ZxVMUK%2BDKjCf32AhogXxfxNBc37OsG8SjfRfE%2BaI%2FGaISFWbGuS6UefWLXXHQPUpAgYN6XbeVJtbEDrzl%2BAx7rMLxDnQGjMUceP9ULekJwJCb5yTZCrj%2FYmlommgZt73z0Ugc%2BVH7PEj6mZLIr%2FhWmA640NQFML3FZNAoSu2j%2FNRB6QD0YItrDedi3xZlxfN3nIS4LSpK7MY8IOa8ZL4Ki6i8uB1gafWhnFr6tEIT1eWyfPgrYTkElgNE0Qq9kP7RtdSSSNJyKpyCoJk%2FprnRfM2W7UTJiEDPxlBbIIxk4xYp8XfDCM7DeCpocic1A0cJgxbh%2BFrvpZOI3azmeFwxrzN1kcFia%2BV%2F6IboGxLxXkg0j%2BK70xhLbO3G42jl%2Bf81K1knMZSIXta5aRaJqme2HqsnfsW0f151co1Gm4U3kUeLsLQPyeXF6Bw4PoUQpEPuoBvUVlD2a43fUOG7r%2BR5miCV6u%2BUXiupC0kO%2FTmCjWIyyenT6Gtxb5d%2B6VxVV%2B5m9JIYTp28e02YnaSaaxhPIt4CPT%2FM2dXzVlxmNnLHiuavFfVlZjOEmiy6G0wjlnPEShARYwt%2BRwaBRNkz5zxk2boda6E0i%2BSdmIlxkb8RxCx%2Fn9ppMkdt8AQd8XZta9%2F5m9T0DD%2F6MguwPxWzoZW78JvNLVqCX6IjrYhIqfpNuJMnrKjD5VqjAiBvfmStJqeEZCH5RrFGkf%2Frh6U00a8r6zbVoj3Yfen6ktcYwSjl54UqWlxFcZIcH4vEdaS92eBgrzt6vrmX%2BaAVyKPkIkBKkTpKdLiOyODMu%2BQrTs6M119zEJmRJoWPwU%2BfgfrV4hnnEu2PPNBVgPLwOsRo67QoZ2akaPiItNHJQ0F6CLH6UWoEDCUb%2Bd40EY3quFNbTFVN8cJXptGQnzha4XTbWSPexAjHBGBeA1QyihxAEkgmMkdlA2waELAyUXiUffN6YxarzpXf1CVfjimpbHTkDFd8rpDh4sLqt8InLSgNgKL3B%2BQ%2FMNYY3bi9uzgTf8RVdeFxwB4Mgjc4iJ2kehgznI%2FBwjfXenXKojNEeix9e52xsowZsmFXRGvSNZDHNbrhfzpgM3GC6aSnPVlu3D1uDct4Efu3nFW2L4J6dWGbE9eFlzENvPGzQKLqSGV7fz2bcGhVXRHdQYMPTkOekQ2w2hoXRy0%2Bh3WUv1vmqTZoY4PBzwhwwm0r4Ddady0A0U4tO2J89lu51zRpuoSe3Tt8t2JLtbN0Fs%2BghvS4ujGvlNdK3mrzc%2FhSMEHkLTlXhGzRtEhVovLLiYylmz1LBGnKRipe%2BCB45%2BS%2BM5rrhV2GZga4OgLrnexzeZwjSNchlcUi%2FN7Diw2AgFFPO17vQRkUqIOTsns5UpPK%2FAQ7Tu9nepmyCaSk6jdlcCXMAs6XngG3L30r3b%2BGj97GUTBqE96FTs0hp2GC7BL%2BDTnHPpPo1z4Nq3%2BC%2FPmnzPwmOvpvz%2Fw2d6gZDf8VOVNKSs2uFD74NPd8NcoSs3rcz43b%2B7cgzsuF2T1MQ5aGswc7RVLxeXJgJ0aCBzs5fdyoIddVjmFVxkY7t1hZlqRFkGOF%2FP2%2FuieqBfSD6xV8aN1J8fLa6tGkNw66iCz77QwwePaGVYQJZZzOj5nGb7f%2Bq%2Bs9GIrWoS3oboR6ixQu5BpK%2Fr3WFoZx82IXWjAHjipx%2FDtU%2BRTkm%2BlLLGdNOYV9exc8Q5mWGeXmdkZE9paT5aEr3T5TxC3SXH3IV5nwKJDxZ8pMgnEqMIu6szUpUUHE2tdg5IUNFiPiS8DOqbMDOpLeOgx%2FRFwRyg5oc9d1TiFNsLOGh4ZzxrJnqvyGHQbJ%2Bl2IKoIfTkf%2F4hzKmcq7ZxMXATmadqToYHPzR%2Bkx6T3fC8TI37O2in5h2MM%2B7NjGEEqRUj7GUSRuzOjN4tAh10UwDjLm9Squa3heouKd471nm62rHjq2SrqepJJ2HyMax%2Bx0%3D%3C%2Fxenc%3ACipherValue%3E%3C%2Fxenc%3ACipherData%3E%3C%2Fxenc%3AEncryptedData%3E%3C%2Ft%3ARequestedSecurityToken%3E%3Ct%3ATokenType%3Eurn%3Aoasis%3Anames%3Atc%3ASAML%3A1.0%3Aassertion%3C%2Ft%3ATokenType%3E%3Ct%3ARequestType%3Ehttp%3A%2F%2Fschemas.xmlsoap.org%2Fws%2F2005%2F02%2Ftrust%2FIssue%3C%2Ft%3ARequestType%3E%3Ct%3AKeyType%3Ehttp%3A%2F%2Fschemas.xmlsoap.org%2Fws%2F2005%2F05%2Fidentity%2FNoProofKey%3C%2Ft%3AKeyType%3E%3C%2Ft%3ARequestSecurityTokenResponse%3E&amp;wctx=rm%3D0%26id%3Dpassive%26ru%3D%252fLT4-CMI%252fdefault.aspx</PostHidden>
				<CodePage>65001</CodePage>
			</Resource>
			<Resource>
				<FileName>t29f0.html</FileName>
				<URL>javascript:&apos;&lt;html&gt;&lt;/html&gt;&apos;;</URL>
				<FrameDOMHierarchy>0.0</FrameDOMHierarchy>
				<UrlWithoutForm>javascript:&apos;&lt;html&gt;&lt;/html&gt;&apos;;</UrlWithoutForm>
				<CodePage>65001</CodePage>
			</Resource>
			<Resource>
				<FileName>t29f1.html</FileName>
				<URL>javascript:&apos;&lt;html&gt;&lt;/html&gt;&apos;;</URL>
				<FrameDOMHierarchy>0.1</FrameDOMHierarchy>
				<UrlWithoutForm>javascript:&apos;&lt;html&gt;&lt;/html&gt;&apos;;</UrlWithoutForm>
				<CodePage>65001</CodePage>
			</Resource>
			<Resource>
				<FileName>t29f2.html</FileName>
				<URL>javascript:&apos;&lt;html&gt;&lt;/html&gt;&apos;;</URL>
				<FrameDOMHierarchy>0.2</FrameDOMHierarchy>
				<UrlWithoutForm>javascript:&apos;&lt;html&gt;&lt;/html&gt;&apos;;</UrlWithoutForm>
				<FrameName>I1</FrameName>
				<CodePage>65001</CodePage>
			</Resource>
			<Resource>
				<FileName>t29f3.html</FileName>
				<URL>javascript:&apos;&lt;html&gt;&lt;/html&gt;&apos;;</URL>
				<FrameDOMHierarchy>0.3</FrameDOMHierarchy>
				<UrlWithoutForm>javascript:&apos;&lt;html&gt;&lt;/html&gt;&apos;;</UrlWithoutForm>
				<CodePage>65001</CodePage>
			</Resource>
		</Resources>
		<HighlightObjects>
			<HighlightObject>
				<HighlightID>HIGHLIGHT PARAMS</HighlightID>
				<FrameDOMHierarchy>0</FrameDOMHierarchy>
				<SourceIndex>316</SourceIndex>
			</HighlightObject>
		</HighlightObjects>
	</Snapshot>
</ActiveScreenInfo>
