<ActiveScreenInfo>
	<Snapshot xsi:type="Web" id="1">
		<Viewer>Mercury.SSHWeb</Viewer>
		<WebMetaData StaticSave="0" HasUnknownEncoding="0"/>
		<Resources>
			<Resource>
				<FileName>t32.html</FileName>
				<URL>https://lt4-cmi.stratacare.net/LT4-CMI/Error.aspx?aspxerrorpath=/LT4-CMI/default.aspx</URL>
				<FrameDOMHierarchy>0</FrameDOMHierarchy>
				<UrlWithoutForm>https://lt4-cmi.stratacare.net/LT4-CMI/Error.aspx</UrlWithoutForm>
				<GetVisible>&amp;</GetVisible>
				<GetHidden>&amp;aspxerrorpath=/LT4-CMI/default.aspx</GetHidden>
				<GetData>aspxerrorpath=/LT4-CMI/default.aspx</GetData>
				<CodePage>65001</CodePage>
			</Resource>
		</Resources>
		<HighlightObjects>
			<HighlightObject>
				<HighlightID>HIGHLIGHT PARAMS</HighlightID>
				<FrameDOMHierarchy>0</FrameDOMHierarchy>
				<SourceIndex>9</SourceIndex>
			</HighlightObject>
		</HighlightObjects>
	</Snapshot>
</ActiveScreenInfo>
