<ActiveScreenInfo>
	<Snapshot xsi:type="Web" id="1">
		<Viewer>Mercury.SSHWeb</Viewer>
		<WebMetaData StaticSave="0" HasUnknownEncoding="0"/>
		<Resources>
			<Resource>
				<FileName>t35.html</FileName>
				<URL>https://qaidplt4.stratacareservices1.net/StrataCareIdentityProvider/login.aspx?ReturnUrl=%2fStrataCareIdentityProvider%2fusers%2fissue.aspx%3fwa%3dwsignin1.0%26wtrealm%3dhttp%253a%252f%252fqasso.stratacareservices1.net%252fadfs%252fservices%252ftrust%26wctx%3d1b77d42b-f380-4efc-bc58-cc48bcb7efa2%26wct%3d2015-05-11T20%253a37%253a13Z%26whr%3dhttps%253a%252f%252fqaidplt4.stratacareservices1.net%252fstratacareidentityprovider%252ftrust&amp;wa=wsignin1.0&amp;wtrealm=http%3a%2f%2fqasso.stratacareservices1.net%2fadfs%2fservices%2ftrust&amp;wctx=1b77d42b-f380-4efc-bc58-cc48bcb7efa2&amp;wct=2015-05-11T20%3a37%3a13Z&amp;whr=https%3a%2f%2fqaidplt4.stratacareservices1.net%2fstratacareidentityprovider%2ftrust</URL>
				<FrameDOMHierarchy>0</FrameDOMHierarchy>
				<UrlWithoutForm>https://qaidplt4.stratacareservices1.net/StrataCareIdentityProvider/login.aspx</UrlWithoutForm>
				<PostVisible>&amp;_login%24UserName=dtsai@stratacare.com&amp;_login%24Password=QApass%21@3&amp;_login%24LoginButton=Log+In</PostVisible>
				<PostHidden>&amp;__LASTFOCUS=&amp;__EVENTTARGET=&amp;__EVENTARGUMENT=&amp;__VIEWSTATE=%2FwEPDwUJOTMwMzk3ODUzD2QWAgIED2QWBAIBD2QWAmYPZBYEAgEPDxYCHgdWaXNpYmxlaGRkAgMPDxYEHgRUZXh0ZR8AaGRkAgMPDxYCHwEFHlByb2R1Y3QgSUQ6IDcuMDQuMDAwMS4wMjAuMjI5NGRkZEHOVjvKcCexlavqzW7oKIVRkIuc&amp;__VIEWSTATEGENERATOR=DF87F02C&amp;__EVENTVALIDATION=%2FwEdAASsZtUz8XdvaAa4XF2zC5rbQTkB5TtQf%2F%2BAehr2%2FD26WG%2BuVjkVj1Ilz8KW9xxPSBTOUIVBO%2BL1TC0ZC01HU%2F2AbEDcXQ1H4Tl7UZJphzUz%2Bb4tNA8%3D</PostHidden>
				<GetHidden>ReturnUrl=%2fStrataCareIdentityProvider%2fusers%2fissue.aspx%3fwa%3dwsignin1.0%26wtrealm%3dhttp%253a%252f%252fqasso.stratacareservices1.net%252fadfs%252fservices%252ftrust%26wctx%3d1b77d42b-f380-4efc-bc58-cc48bcb7efa2%26wct%3d2015-05-11T20%253a37%253a13Z%26whr%3dhttps%253a%252f%252fqaidplt4.stratacareservices1.net%252fstratacareidentityprovider%252ftrust&amp;wa=wsignin1.0&amp;wtrealm=http%3a%2f%2fqasso.stratacareservices1.net%2fadfs%2fservices%2ftrust&amp;wctx=1b77d42b-f380-4efc-bc58-cc48bcb7efa2&amp;wct=2015-05-11T20%3a37%3a13Z&amp;whr=https%3a%2f%2fqaidplt4.stratacareservices1.net%2fstratacareidentityprovider%2ftrust</GetHidden>
				<GetData>ReturnUrl=%2fStrataCareIdentityProvider%2fusers%2fissue.aspx%3fwa%3dwsignin1.0%26wtrealm%3dhttp%253a%252f%252fqasso.stratacareservices1.net%252fadfs%252fservices%252ftrust%26wctx%3d1b77d42b-f380-4efc-bc58-cc48bcb7efa2%26wct%3d2015-05-11T20%253a37%253a13Z%26whr%3dhttps%253a%252f%252fqaidplt4.stratacareservices1.net%252fstratacareidentityprovider%252ftrust&amp;wa=wsignin1.0&amp;wtrealm=http%3a%2f%2fqasso.stratacareservices1.net%2fadfs%2fservices%2ftrust&amp;wctx=1b77d42b-f380-4efc-bc58-cc48bcb7efa2&amp;wct=2015-05-11T20%3a37%3a13Z&amp;whr=https%3a%2f%2fqaidplt4.stratacareservices1.net%2fstratacareidentityprovider%2ftrust</GetData>
				<CodePage>65001</CodePage>
			</Resource>
		</Resources>
		<HighlightObjects>
			<HighlightObject>
				<HighlightID>HIGHLIGHT PARAMS</HighlightID>
				<FrameDOMHierarchy>0</FrameDOMHierarchy>
				<SourceIndex>75</SourceIndex>
			</HighlightObject>
		</HighlightObjects>
	</Snapshot>
</ActiveScreenInfo>
