<ActiveScreenInfo>
	<Snapshot xsi:type="Web" id="1">
		<Viewer>Mercury.SSHWeb</Viewer>
		<WebMetaData StaticSave="0" HasUnknownEncoding="0"/>
		<Resources>
			<Resource>
				<FileName>t36.html</FileName>
				<URL>https://lt4-cmi.stratacare.net/LT4-CMI/default.aspx</URL>
				<FrameDOMHierarchy>0</FrameDOMHierarchy>
				<UrlWithoutForm>https://lt4-cmi.stratacare.net/LT4-CMI/default.aspx</UrlWithoutForm>
				<PostVisible>&amp;</PostVisible>
				<PostHidden>&amp;wa=wsignin1.0&amp;wresult=%3Ct%3ARequestSecurityTokenResponse+xmlns%3At%3D%22http%3A%2F%2Fschemas.xmlsoap.org%2Fws%2F2005%2F02%2Ftrust%22%3E%3Ct%3ALifetime%3E%3Cwsu%3ACreated+xmlns%3Awsu%3D%22http%3A%2F%2Fdocs.oasis-open.org%2Fwss%2F2004%2F01%2Foasis-200401-wss-wssecurity-utility-1.0.xsd%22%3E2015-05-11T20%3A38%3A27.399Z%3C%2Fwsu%3ACreated%3E%3Cwsu%3AExpires+xmlns%3Awsu%3D%22http%3A%2F%2Fdocs.oasis-open.org%2Fwss%2F2004%2F01%2Foasis-200401-wss-wssecurity-utility-1.0.xsd%22%3E2015-05-11T22%3A18%3A27.399Z%3C%2Fwsu%3AExpires%3E%3C%2Ft%3ALifetime%3E%3Cwsp%3AAppliesTo+xmlns%3Awsp%3D%22http%3A%2F%2Fschemas.xmlsoap.org%2Fws%2F2004%2F09%2Fpolicy%22%3E%3Cwsa%3AEndpointReference+xmlns%3Awsa%3D%22http%3A%2F%2Fwww.w3.org%2F2005%2F08%2Faddressing%22%3E%3Cwsa%3AAddress%3Ehttps%3A%2F%2Flt4-cmi.stratacare.net%2FLT4-CMI%2F%3C%2Fwsa%3AAddress%3E%3C%2Fwsa%3AEndpointReference%3E%3C%2Fwsp%3AAppliesTo%3E%3Ct%3ARequestedSecurityToken%3E%3Cxenc%3AEncryptedData+Type%3D%22http%3A%2F%2Fwww.w3.org%2F2001%2F04%2Fxmlenc%23Element%22+xmlns%3Axenc%3D%22http%3A%2F%2Fwww.w3.org%2F2001%2F04%2Fxmlenc%23%22%3E%3Cxenc%3AEncryptionMethod+Algorithm%3D%22http%3A%2F%2Fwww.w3.org%2F2001%2F04%2Fxmlenc%23aes256-cbc%22+%2F%3E%3CKeyInfo+xmlns%3D%22http%3A%2F%2Fwww.w3.org%2F2000%2F09%2Fxmldsig%23%22%3E%3Ce%3AEncryptedKey+xmlns%3Ae%3D%22http%3A%2F%2Fwww.w3.org%2F2001%2F04%2Fxmlenc%23%22%3E%3Ce%3AEncryptionMethod+Algorithm%3D%22http%3A%2F%2Fwww.w3.org%2F2001%2F04%2Fxmlenc%23rsa-oaep-mgf1p%22%3E%3CDigestMethod+Algorithm%3D%22http%3A%2F%2Fwww.w3.org%2F2000%2F09%2Fxmldsig%23sha1%22+%2F%3E%3C%2Fe%3AEncryptionMethod%3E%3CKeyInfo%3E%3Co%3ASecurityTokenReference+xmlns%3Ao%3D%22http%3A%2F%2Fdocs.oasis-open.org%2Fwss%2F2004%2F01%2Foasis-200401-wss-wssecurity-secext-1.0.xsd%22%3E%3CX509Data%3E%3CX509IssuerSerial%3E%3CX509IssuerName%3ECN%3DGeoTrust+SSL+CA%2C+O%3D%22GeoTrust%2C+Inc.%22%2C+C%3DUS%3C%2FX509IssuerName%3E%3CX509SerialNumber%3E74338%3C%2FX509SerialNumber%3E%3C%2FX509IssuerSerial%3E%3C%2FX509Data%3E%3C%2Fo%3ASecurityTokenReference%3E%3C%2FKeyInfo%3E%3Ce%3ACipherData%3E%3Ce%3ACipherValue%3EiJFmonr0LJ2plRrFkKLS%2FS%2FO6A66VNJnV0ObTWZdi5SdDPjSnQ%2BThYr253FDBdMyLjo6sU2lk2vkgE9PejHkc1qPkB9HPYU0ZCEGIcX%2B5uTCqW7YX9ybfum6XESHZa8O7ExRBzTcklxq2z4txLFVvGaQMofUraKFpemAru0%2FTg4Qjyex76AzyFuHIxRoX4PPFYOCg02sOliQu45x9wnYSvn%2F2vl%2FB6GZv%2FWLpjhDdgaeAm%2FM%2FmnmY0Rs%2BoKHLLeQLbMIVwM54gKl0RQ0%2Ff9lS1JYHO3OgqidMp8rGW5jqf%2B4%2Fb7FaK8Hh0ODt1HFQXOErBVhyU4xUedQbsOhyuuLjQ%3D%3D%3C%2Fe%3ACipherValue%3E%3C%2Fe%3ACipherData%3E%3C%2Fe%3AEncryptedKey%3E%3C%2FKeyInfo%3E%3Cxenc%3ACipherData%3E%3Cxenc%3ACipherValue%3ERh6LG4FPX2a9WOPgaLphpfBCQPOfzrMy0nEA9gnnXVz3ZRpjGvy511xVjvWCxXwWyJa8F8L6%2BPHuCA8Y0zkuZgTok%2BPUyZVEU6zVjfJ7EdWwSQrYtDNnXkmNbaosvS%2F9huqcTWJC2OTlev3qk%2BEKunYrb%2BHbRew5bd%2FNJ4noH46WegsOxW5Uvj9LBWa%2BWXaVDNT%2FrYnwbJA%2FONU8Cou1JD6lN7QAfbEzBynFAhDWnkXm%2Fu1k2fujJf92aUruW4%2Fk6PCAGv9lmZXWfL6KCEFjq%2FdHJFM4ThDhb1yZsQCVF81%2Fop%2BwOo5bdlnlUdGuQgMGAr%2BT8LE137dv6XNul3AhrATeXjfgdRvhXFu%2B9KJThdXkU8r9w1zFLpqzpXYBdG9T86GNCmHtl%2B8zujRjlqDOOUuESxQoal6E02NcgNd76V2EIIjdbIQ8eq8kGAmuYFoQlVWpEn1rgv%2Bp%2BBQXoGUGhD7QsGyXc2ruYL22JLfZd%2Fqql8S1MLKwfxVFalL7h8qwUifQearXTbicgnD%2B2oVoSKQzMOMgiPqOUJJSkbn67En4vIcZDQzMUo5ivPi%2BJcioKv8EofT%2B4bCafiC8fhvFtTqvF7Li%2B5WObl%2BzaaiydYglq2Lmbvva7TQcHYl5A5YT0QjcvJoSiQZ7KWG9OyoT2UKz%2FPYtbDYg1xrlpJ0x1%2FwSot5CK%2F5v%2Fw62RLUFNvmesS5PnRLZvmgSoUaFe7PV3pkcPX2TKXB9p6bSlyq9h%2FlmTIgYT1hhpgqXNFqE7X%2FlYTUBBIviAjrVqwkn4Fh1Z3tjvQsGGaocKGHisiMGd08hORZ7dSQNeDIwozq%2BRLPiNTB2%2BdzxTh5o339g0RAvkpBTYZTXJicFfqZKvTf0qlreKOmY%2FmHiifbs91zo8R04Ek2kIarLwjK1tZCk13loTbu%2BnfuCjNrBDMNXt6QRvFe36La7WrPNDHeXtM2WccfCy7bb%2FJNx3%2BW9QrR%2FkB1Ll7FCmt3TVDV6j%2BW1%2BTLbITRsajLIssXm5ELVfVWO7hQYFkzqRuPmC9lsHdzUX7rXYf3Uda2neOF1jXDZu0qGKqb6KnK8Sp%2BjxshVXd9%2BlyS6bWa1JFo32PFAbMmEHDu5pZVstInKKkTTWNHWiemJZMt6gGwlSAunu4tRnZ9KyECud2r8lssZbhMFz5DR81EwUuOajmHlWYOoAOQ2adeamgZfiQ6GA9lRnzi4c%2B0eirpmIn99EgNEAQihpM6MBAIFkM8AXygrM2jIMfjGg1md6Q9xnRoWhwXgaKwkCnYUIhpcc9X0Zcla4j06ebtlAFox8MtgIaxbe5D3w2XZNx1wNklhcf%2Bzn3DSni%2FXnnnB7euhKDjTnjQZqdgCS4s%2B6Aq4EXjHdK0U6iu3nLQkLon1zMlGWY3u%2FLHvOnMgT1xOr%2FetIG0AnmrAV5rk4wCFlvHWUyx3ktXsEMe6FI9TBvQErlazmIJF%2Bw0KboAPd46jw9to8%2Brh1Pmhx2uORIRe7LXZEnMc7774IjGr1%2BMTYXg6oDu%2B9mnIzuv7ashgNSgS1YBbmntJtHDjmL%2F3ZDI3uhhvC6HtFfXrQsEsnDg1bcS5rwLbVqM94zyxd5y3ZDGx81RU7KMhbRV%2B3Tpt%2BCFqBYS4RrEuCZuJxXXf%2BAmKNJFiVk9rCNMP90a8lLqKSTghCStBHJq5mdy8B1RYWm1w0D0doMbXOujTZgbFn3C3BIQZBJOyg9K0RGl9Pp9gaTd59OBWlqDdbWMU%2BfWGEpnJbIugAbLKcBmX3TMVJhgcOnbHLHPKuCJ2xYlCyAilPF54FTAcynMj8S9Y8i1gHBpfw4rd1l%2FMRKJRj4YxdzmFJsN6w%2Fu2M4m3h2x8FYC6YTWyDAj5%2B%2BQt2jiyI%2BB22xmtUd7t0VZNql03sYTVvGkOA5bk%2BELn5XGJvrNwWQ%2FXbz48m4EEsjBWEPEE7MQlAjBU4v3vK%2F0V1YyR%2FWskniFvotBKi7q5Tt5XTjZ1jXnEQhX%2B6bqkgpu%2BKDoL9rZ539rZhGHh3IHPlYC3KtFchHae%2B2nm4G16qIdJBnRC7m4MnGUKML%2Fp9BJfeaRFmetIaML9enN3FB%2BmROqNF6U7ygBl6K4pmeR93Y%2BC6GU%2FvAS72B5DV2gPWPlM66%2FdqQICgfq360DhBrZNPLju%2BYsjS614uqEU0qGU0qWq%2BNjbDSlTUcR72NvSSL8FhdkdR3yuEbqz3c7icqFujgDBa054DbUWLLAPcsUCWEQ3kODxXsgiLQfkueEG03LYaYvUZr2LeLQDC0Jp4Vcp6sewMv8f%2FQzGTXiSy%2F4zy3%2FAUO5VqvXdvRodgNW%2FjZ1Lad%2FVc8BZ22IaQD1IaHLDROgzqx%2BFdog5p4xXhghtNtS%2BrTRG5B2qPpIAC70gUHPWnDQ%2Boa8oYHeFjuv77wylyao%2BDDFe7%2Fgp%2FtO1Vp3%2B%2F67tsKuy%2B8ZxgjpHIeha5re1q42al%2Fw%2FLt9aPIMYXUugcJZNqHgC92b0cRDJVWnyTQ%2F%2FL%2FJNdYsr5995g%2BQrOCWvnflgoOzjuVDw%2FAxIPapVyxTz3YeQvTpoLjBvS%2BWMI5NKn0uELfWp1OKIAc52v6RGmSD9nV4RK9V5NcnfzCBDhwUTjc1Eik7psleXBRtHbpDDJTOXoM%2BbuC2%2FhhQDwI%2B%2FK80VokYucSWPbhfGdfHjFYwX0o7qsNbKg%2BMMxc6Z1S3zLQAeWJcYU7wmfwjPiaEFO%2Fz0sppJzfm82j6MyMLS2v2OQUMO2g68HZW0cBUdeaW9AVzIjxiTRpaaZh9adClYFul0cwHVjuSAc%2Bt19mOPucWJ42zBN7cP3oy5WlU1Kd7gnqH5m4W3eL2CqSVA3o3NOkDu33gbbPB3GWh3e1%2BGWVQdQF35r5sPKdQPhx46iKBBzRYM5Lt760cDuQl0sh2QgVdeKbz%2BBq%2FwG4v12FNrSkn4Ro%2FHxdnEZuMTt8OJXH8EQzNj9N5qrlITuWZrS7ZjTIUkYnbd4jo2ZX6GNND3UQh%2BBr2geXKh9on9QxegP9VOrg%2BtnZziwCvGEwTQsuFJdTxSbZ2dNaDMGKq1UrZz2dmxKA7sNNJKbTlwylO2QG27V53PN0iOt4HZo%2FDD1j0R0%2B6vV%2FUjUpjOAtAgpbTMTlzF0sc6e%2FVFWw%2FdPx9Gsj12cmrxQZI55ubY2nelFrppkRuj9pbtjWTx5DH2393dEjxYVd%2BMuT9s2o1Ru3SJ2PlYaXlI6tu8kHEQ1rM6n8K4WCdf29fPXoCmEAh%2FAfW8FRKxmF9AMdVoaCCCGdMCqQJCf74FdLcBvmdeBvYNLcnnbSaCN5d1HaBAVv55pK8cz%2Frv4i53F5Qr%2FrCqrQA3P3rlD%2FE2CR6sMYAo8aO%2BwR137bW%2FpnuaYzKt3SkuQDDOJk9q3Yo%2FWRPIIjibVNNzvIf0dXSYev7FYfM6pHOCEAb4Dlvb0VLTvtDi5hzRUZ8nmojAjsOVBlJpB6pI0rvGfXKWJaKjFKHxArwTL6d2hapsMJhHaCZyt92EeVxoBf9zCQ6wpmdQ8v1Rdx%2Fm9c%2BW5DlzEulewI3rXzlpZypEa39%2BA81BQR5PwhjE0uJUrhJrTMU7Vn3AwHkQ57LyeMVxodvNCRPtxn89aARaZrCP0yxwqrvP7jfBrqrEpm%2Fex%2BXu5I5dWELcHVmCuJ43x7dTpnR5auf0coYtWbojILcVe1krqUPbL%2Ba77dv1LeZo7D0VTwz7VAG1dzWo6irZvDzf3%2B8J0y8xyS8pr19Ue2BbPE54OkETls0HKTjDCwLPMCvb8Tlg3FGDHB7IsyHr8aC8nyCsWycnMXOKiRPquD6MCwABx9F0cepYduI3jhKqhPiP82O26DTejvLKy684xqu9AT9l9%2FM7ayJlImEs7JeEi558%2F9kKLSXhhJ0LRFXO7cVqo6uXfF177ScfQVgLfrFAMbssb2PqEuE%2F7IbFtSVNUPc1mgACefEExGejzrtZLFAfWRBJ8QrNSMUGeTcdU9qGL7w%2Bm2iDosU4fO92pnEOb6IlX1kxPyzt9p%2BJii9%2F%2B%2FVsBL%2BpAgfsws1RAqboXHtapJe1nQ%2FLLYbwPPozgqOtNYM9If%2FjicNnumBK8ejliHiS3%2FAU%2BB2bsCAraMfkvshj6JKpxFrGHWWjyA4a2ptfDDIiQFXWXrtKrivfYgi9Ok4OovKYzudVqn%2BXzvz6QN%2B4m639vFTLq3rq4NvEbtZZeuLdWXpRaHDt96A7P8xbGqTiJwgKwrs1GE5MPJ5l04qvbp0lseGRll4hzqwvzucsfoghH1GkhtTaGfVJc2wknuaShZD12Ofq4sai8XTl1JnXjOFy8XX2tCjoIINtVx2TnKDd%2BVl1qfS5VrfoqhvMfsbV1Y1m%2F2GcK0r4VrENKiMfYR5QIKkCQDM7Y2AjDxLK0jOtw7faU0ItxETyZRYcbCouslnZV37cmkZwuU9049qc%2Fu%2Bectqt7YH%2B9zIuheMRJ6t5wNG6yN2Ydn5cByiKfxWr62NLysqTfzYzVFECOrDk85Ngi6jpbiGw4Snm2HUs6afW1Cf2Igs8DV1aHgKo60HtzwCGDqhXcIBRDwqEmL%2F3BaX8zrvq%2F8CDtlNO%2B8xUXNFlIi2Eev16bByANeo2WPTDPBPrvprB89LXI2mWPJxWBwP2PD0lAXHxbC0LUg1u82QXhIetEIKcXPh8Hx3kGpDIQRM6%2F9vDwwCuW79pnpOd6s2nYpQJPf0wAU%2FRHRHAst0SNazirsVuTwgD6lszSZeNDPoue6RZzNXYlSCtoLb8R1GAPptZJxEjzWGBZYUO9rULwlmI2eUteeycMCAD06KdiWNWitHovySMv6fWa7Av3CnP5sMVATUQCrUhxigXcAxnS3QFDRaycsD6JdY22VdXSD9rOzkYtcwGUGPyz%2Fo5%2BcnDZL12fnqn3JCi6WrpBE0rLyF4Am68U%2Ff70qGRtuAaonjtGiToEao3eoy8BrKV%2BZ6GlSNjl2pUSYamKhmUUJcvQ3%2F7Nai2PkKy8to2ra%2FCj0Bw6MA3LDbL5uGPmeihKdK6l7RISXDq9MWZ5ag%2B0bXbAVhHyD%2BJJAROK34ck6YuSQSjtNLwvxqcbp1s%2BeatYlizBW4CNg4S0d%2BURm18fRGveyVLaJIalkmUB8T1QG7asZzA%2Fg8qF2xvb4BZ%2FNZr90hESrhxwQsXdAU07pIQ2E3O7hjKooZxOaO7mBEYipU%2BDILqCtf44pGOX4tdBLbnJ%2FZWq6YBkWnzluIqXm%2BwANw9HMxAfeERvtTMfKN%2BIOo5wF8wgl9KCLObQAKiCmbo4nSThoYne524M5AckUIHWNfbXvRj4bCWtFK3F%2FgiUF81R%2B3ts2%2FF3vFwqnneAIdVIlHgiaM8TklW%2FpUsSUFXY0%2BzM20lmEgHii8tPHGjADIx%2FqJ2VKHGl6MUmE2%2FP8laazJEHsLaX9KMTZOWdg%2BLsneQqyGF11YoXKjlEo2umaDXib8xptV493znUzFKqwC7m9oS6kBCgeoXbTbCqCRYCgMFEj%2BHD%2BgH1Yp7SroyQEM9FZ69NiYbr9ljAhxOl6%2BskdVJqayXUZQLJnWoR%2FYDb59GfpvofImKVvRppG4zgsIWxOxYjeBfa%2Bl6YhA%2BGii3zZhQhCca%2FBwKVe0sJxfAJvgbeR%2BetjwSXjiMmdaVTBT%2By36qml4APaNZD5d8xPUKkyi9cyts7hWHsJcZGLSYvRDPZDooGokpcwAvwruRwcmpgdFZOKc4YE7a65h%2FKaN3CzkEEypPBWHCw9fzwRnv2Wn8TYRJcJp%2FezEJSsNq9MR6ek2hssmx3Es3z47bdSM5T84hhR6A%2FE5769dE0M%2Fmax29v57f8kj4de1Aovjl49UvSzthKHbrxTVCU%2BfXHsspboZHurE4Ee7plhiisZgqYgz%2BNxskpTu45Q5IHlsukN9ffwJxarR%2Fm8mqNcxoMGocG0yjF%2FB8XHLWJUV%2F2Rsz%2FWQl7ortGprcfkA9Y%2FlwZm4tQtkVZlptZRCMdYOIAL%2Fq%2FqVTOSGziFkIODTBHQjyF8Ijm1yKvcYztcsoDErRTz2PiWHhXpccVndm7OApJ5eng74Z%2FRSYALimTJIWKrC651W2hYlYnQrMS%2BU0yy2mL%2FNb5VwcBUd0lKN8ea54M7UFFCeRxgvv30%2FmD5qPgtaLyL96Ox%2FV3oAsJiRxdd7o47SVqa5TD1%2BuOUbysBR24ufvnfoa3orVH9DYXy96ucRcrD8wyhC%2FbF9iyE%2Bv4L9iKSdFvYa7dZR2x5BextF4jobA%2Bbfa%2F26xTH%2FDzvsSfSAd3qL%2B5MVrXFTlyejR6EzWThC8fV4DfywcZ4OX%2B37EImBHKpqQr3Hynm4TeGu6KvPetMVIhZQZwx%2BEvTeaUIfOX6EWfsJUXlvhr43QXZG%2BzD8PjnwqCHHXo%2Bto3xH1ttsz1pup1beEYPCCIPmUb1WcG2HyBsa7H4i1fM0RRdOve7kWb8W1TDI1Sz%2BdszncTdGF4ZwBQZfYXbSzEXzwKqPjZoEQNh1yhgXhyglQ47MedTzEs%2FPjzJy%2FFXJ6r5nffZlm8MVKQgvSyz%2BVPbdXH8T3ua5jc2UcqOzNFn9DZDSVjYGh4YEL79UlDAxEGb0Kgb2%2Fye1vvRvhQsfFp9pG2OFf%2BTjmtFhmg88e9oyV2rcfOf36BkhnsiM0GHYHPBJdiT63CNgcSXUUqnNBaNwQ0GHs%2FR9FiP5mVzFvcc0ZuaxGQlRPkjksYWk9Nbl%2F%2FGxki9DOULkf9K6P9mb1YKKNg8HYEvuNN1aBbUJcqDdzgBghANWSDf4SXiWK10qq3Kr2Kf%2FP5xnvk6V0%2BXuH5rStD4sjbWptHnVBTHGoaCg1LOaO928prOWc4inYWV4QanzO49RHXo3lYgGvyONrbrnvFHpHpKF0vGlnjfJFEhZbaV0Uo6mfF9xX9DCEW%2B8ZWLXrzJoKJbW5xVozX3LpnLymZm86vg%3D%3D%3C%2Fxenc%3ACipherValue%3E%3C%2Fxenc%3ACipherData%3E%3C%2Fxenc%3AEncryptedData%3E%3C%2Ft%3ARequestedSecurityToken%3E%3Ct%3ATokenType%3Eurn%3Aoasis%3Anames%3Atc%3ASAML%3A1.0%3Aassertion%3C%2Ft%3ATokenType%3E%3Ct%3ARequestType%3Ehttp%3A%2F%2Fschemas.xmlsoap.org%2Fws%2F2005%2F02%2Ftrust%2FIssue%3C%2Ft%3ARequestType%3E%3Ct%3AKeyType%3Ehttp%3A%2F%2Fschemas.xmlsoap.org%2Fws%2F2005%2F05%2Fidentity%2FNoProofKey%3C%2Ft%3AKeyType%3E%3C%2Ft%3ARequestSecurityTokenResponse%3E&amp;wctx=rm%3D0%26id%3Dpassive%26ru%3D%252fLT4-CMI%252fdefault.aspx</PostHidden>
				<CodePage>65001</CodePage>
			</Resource>
			<Resource>
				<FileName>t36f0.html</FileName>
				<URL>javascript:&apos;&lt;html&gt;&lt;/html&gt;&apos;;</URL>
				<FrameDOMHierarchy>0.0</FrameDOMHierarchy>
				<UrlWithoutForm>javascript:&apos;&lt;html&gt;&lt;/html&gt;&apos;;</UrlWithoutForm>
				<CodePage>65001</CodePage>
			</Resource>
			<Resource>
				<FileName>t36f1.html</FileName>
				<URL>javascript:&apos;&lt;html&gt;&lt;/html&gt;&apos;;</URL>
				<FrameDOMHierarchy>0.1</FrameDOMHierarchy>
				<UrlWithoutForm>javascript:&apos;&lt;html&gt;&lt;/html&gt;&apos;;</UrlWithoutForm>
				<CodePage>65001</CodePage>
			</Resource>
			<Resource>
				<FileName>t36f2.html</FileName>
				<URL>javascript:&apos;&lt;html&gt;&lt;/html&gt;&apos;;</URL>
				<FrameDOMHierarchy>0.2</FrameDOMHierarchy>
				<UrlWithoutForm>javascript:&apos;&lt;html&gt;&lt;/html&gt;&apos;;</UrlWithoutForm>
				<FrameName>I1</FrameName>
				<CodePage>65001</CodePage>
			</Resource>
			<Resource>
				<FileName>t36f3.html</FileName>
				<URL>javascript:&apos;&lt;html&gt;&lt;/html&gt;&apos;;</URL>
				<FrameDOMHierarchy>0.3</FrameDOMHierarchy>
				<UrlWithoutForm>javascript:&apos;&lt;html&gt;&lt;/html&gt;&apos;;</UrlWithoutForm>
				<CodePage>65001</CodePage>
			</Resource>
		</Resources>
		<HighlightObjects>
			<HighlightObject>
				<HighlightID>HIGHLIGHT PARAMS</HighlightID>
				<FrameDOMHierarchy>0</FrameDOMHierarchy>
				<SourceIndex>115</SourceIndex>
			</HighlightObject>
		</HighlightObjects>
	</Snapshot>
</ActiveScreenInfo>
