<ActiveScreenInfo>
	<Snapshot xsi:type="Web" id="1">
		<Viewer>Mercury.SSHWeb</Viewer>
		<WebMetaData StaticSave="0" HasUnknownEncoding="0"/>
		<Resources>
			<Resource>
				<FileName>t38.html</FileName>
				<URL>https://qasso.stratacareservices1.net/adfs/ls/?wa=wsignoutcleanup1.0</URL>
				<FrameDOMHierarchy>0</FrameDOMHierarchy>
				<UrlWithoutForm>https://qasso.stratacareservices1.net/adfs/ls/</UrlWithoutForm>
				<GetVisible>&amp;</GetVisible>
				<GetHidden>&amp;WidgetParameters=</GetHidden>
				<GetData>WidgetParameters=</GetData>
				<CodePage>65001</CodePage>
			</Resource>
		</Resources>
		<HighlightObjects>
		</HighlightObjects>
	</Snapshot>
</ActiveScreenInfo>
