<ActiveScreenInfo>
	<Snapshot xsi:type="Web" id="1">
		<Viewer>Mercury.SSHWeb</Viewer>
		<WebMetaData StaticSave="0" HasUnknownEncoding="0"/>
		<Resources>
			<Resource>
				<FileName>t40.html</FileName>
				<URL>https://qaidplt4.stratacareservices1.net/StrataCareIdentityProvider/login.aspx?ReturnUrl=%2fStrataCareIdentityProvider%2fusers%2fissue.aspx%3fwa%3dwsignin1.0%26wtrealm%3dhttp%253a%252f%252fqasso.stratacareservices1.net%252fadfs%252fservices%252ftrust%26wctx%3d95eddf83-c7b4-4d31-a3c0-0752c8646f3a%26wct%3d2015-05-11T20%253a41%253a54Z%26whr%3dhttps%253a%252f%252fqaidplt4.stratacareservices1.net%252fstratacareidentityprovider%252ftrust&amp;wa=wsignin1.0&amp;wtrealm=http%3a%2f%2fqasso.stratacareservices1.net%2fadfs%2fservices%2ftrust&amp;wctx=95eddf83-c7b4-4d31-a3c0-0752c8646f3a&amp;wct=2015-05-11T20%3a41%3a54Z&amp;whr=https%3a%2f%2fqaidplt4.stratacareservices1.net%2fstratacareidentityprovider%2ftrust</URL>
				<FrameDOMHierarchy>0</FrameDOMHierarchy>
				<UrlWithoutForm>https://qaidplt4.stratacareservices1.net/StrataCareIdentityProvider/login.aspx</UrlWithoutForm>
				<CodePage>65001</CodePage>
			</Resource>
		</Resources>
		<HighlightObjects>
			<HighlightObject>
				<HighlightID>HIGHLIGHT PARAMS</HighlightID>
				<FrameDOMHierarchy>0</FrameDOMHierarchy>
				<SourceIndex>75</SourceIndex>
			</HighlightObject>
		</HighlightObjects>
	</Snapshot>
</ActiveScreenInfo>
