{"schema":5,"addons":[{"id":"firefox-hotfix@mozilla.org","icons":{"32":"https://addons.cdn.mozilla.net/user-media/addon_icons/354/354399-32.png?modified=1369154804","64":"https://addons.cdn.mozilla.net/user-media/addon_icons/354/354399-64.png?modified=1369154804"},"name":"Mozilla Firefox hotfix","type":"extension","version":"20150402.01","repositoryStatus":4,"creator":{"name":"Mozilla","url":"https://addons.mozilla.org/en-US/firefox/user/mozilla/?src=api"},"description":"This official add-on enables Firefox to provide quick fixes for selected issues.","fullDescription":"This official add-on enables Firefox to provide quick fixes for selected issues. There is no need to install this add-on; starting in Firefox 11, it will be automatically installed. For more information, see: https://wiki.mozilla.org/Features/Desktop/Add-on_hotfix","isPlatformCompatible":true,"eula":null,"averageRating":0,"learnmoreURL":"https://addons.mozilla.org/en-US/firefox/addon/firefox-hotfix/?src=api","homepageURL":"http://www.mozilla.org/","sourceURI":"https://addons.mozilla.org/firefox/downloads/file/307622/mozilla_firefox_hotfix-20150402.01-fx.xpi?src=api","size":5709,"developerComments":null,"reviewURL":"https://addons.mozilla.org/en-US/firefox/addon/firefox-hotfix/reviews/?src=api","reviewCount":0,"totalDownloads":183034,"weeklyDownloads":2867,"dailyUsers":183034,"updateDate":1428087302000,"supportURL":"http://support.mozilla.com/"}]}