{"schemaVersion":16,"addons":[{"id":"TruClient@hp.com","syncGUID":"0CTh2qFAokXI","location":"app-profile","version":"12.00","type":"extension","internalName":null,"updateURL":null,"updateKey":null,"optionsURL":null,"optionsType":null,"aboutURL":null,"iconURL":"chrome://TruClientUI/content/ui/images/logo.png","icon64URL":null,"defaultLocale":{"name":"HP TruClient","description":"An advanced technology for modern JavaScript based applications (including Ajax) emulating user activity within a web browser.","creator":"HP","homepageURL":null},"visible":true,"active":true,"userDisabled":false,"appDisabled":false,"descriptor":"C:\\Program Files (x86)\\HP\\LoadRunner\\dat\\LrWeb2MasterProfile\\extensions\\TruClient@hp.com","installDate":1430832285339,"updateDate":1423668785891,"applyBackgroundUpdates":1,"bootstrap":false,"size":3414701,"sourceURI":null,"releaseNotesURI":null,"softDisabled":false,"foreignInstall":true,"hasBinaryComponents":true,"strictCompatibility":false,"locales":[],"targetApplications":[{"id":"{ec8030f7-c20a-464f-9b0e-13a3a9e97384}","minVersion":"20.0","maxVersion":"32.0.*"}],"targetPlatforms":[]},{"id":"{972ce4c6-7e08-4474-a285-3208198ce6fd}","syncGUID":"AHhcIlJqujqq","location":"app-global","version":"31.0","type":"theme","internalName":"classic/1.0","updateURL":null,"updateKey":null,"optionsURL":null,"optionsType":null,"aboutURL":null,"iconURL":null,"icon64URL":null,"defaultLocale":{"name":"Default","description":"The default theme.","creator":"Mozilla","homepageURL":null,"contributors":["Mozilla Contributors"]},"visible":true,"active":true,"userDisabled":false,"appDisabled":false,"descriptor":"C:\\Program Files (x86)\\HP\\LoadRunner\\bin\\Firefox\\browser\\extensions\\{972ce4c6-7e08-4474-a285-3208198ce6fd}","installDate":1430832237033,"updateDate":1423668768541,"applyBackgroundUpdates":1,"skinnable":true,"size":3504,"sourceURI":null,"releaseNotesURI":null,"softDisabled":false,"foreignInstall":false,"hasBinaryComponents":false,"strictCompatibility":true,"locales":[],"targetApplications":[{"id":"{ec8030f7-c20a-464f-9b0e-13a3a9e97384}","minVersion":"31.0","maxVersion":"31.0"}],"targetPlatforms":[]},{"id":"fiddlerhook@fiddler2.com","syncGUID":"hHKIMY0IAM3B","location":"winreg-app-global","version":"2.4.8.3","type":"extension","internalName":null,"updateURL":null,"updateKey":null,"optionsURL":null,"optionsType":null,"aboutURL":"chrome://fiddlerhook/content/about.xul","iconURL":"chrome://fiddlerhook/content/fiddlerhook.png","icon64URL":null,"defaultLocale":{"name":"FiddlerHook","description":"Integrate Fiddler into Firefox","creator":"Telerik","homepageURL":"https://fiddler2.com/r/?FIDDLERHOOKHELP"},"visible":true,"active":true,"userDisabled":false,"appDisabled":false,"descriptor":"C:\\Program Files (x86)\\Fiddler2\\FiddlerHook","installDate":1421898383744,"updateDate":1411560407951,"applyBackgroundUpdates":1,"bootstrap":false,"size":34038,"sourceURI":null,"releaseNotesURI":null,"softDisabled":false,"foreignInstall":true,"hasBinaryComponents":false,"strictCompatibility":false,"locales":[],"targetApplications":[{"id":"{ec8030f7-c20a-464f-9b0e-13a3a9e97384}","minVersion":"3.0","maxVersion":"34.*"}],"targetPlatforms":[]}]}