{"children":[{"id":2,"guid":"8drOu-ZA1-tW","title":"Bookmarks Menu","index":0,"dateAdded":1430998259034000,"lastModified":1430998259783000,"type":"text/x-moz-place-container","root":"bookmarksMenuFolder","children":[{"id":13,"guid":"MaSkP_c1i3LG","title":"Recently Bookmarked","index":0,"dateAdded":1430998259783000,"lastModified":1430998259783000,"annos":[{"name":"Places/SmartBookmark","flags":0,"expires":4,"value":"RecentlyBookmarked"}],"type":"text/x-moz-place","uri":"place:folder=BOOKMARKS_MENU&folder=UNFILED_BOOKMARKS&folder=TOOLBAR&queryType=1&sort=12&maxResults=10&excludeQueries=1"},{"id":14,"guid":"dAPN7lzpiBLx","title":"Recent Tags","index":1,"dateAdded":1430998259783000,"lastModified":1430998259783000,"annos":[{"name":"Places/SmartBookmark","flags":0,"expires":4,"value":"RecentTags"}],"type":"text/x-moz-place","uri":"place:type=6&sort=14&maxResults=10"},{"id":15,"guid":"PwOK3-m26pbP","title":"","index":2,"dateAdded":1430998259783000,"lastModified":1430998259783000,"type":"text/x-moz-place-separator"},{"id":7,"guid":"VR7cQ4SlB0rK","title":"Mozilla Firefox","index":3,"dateAdded":1430998259627000,"lastModified":1430998259643000,"type":"text/x-moz-place-container","children":[{"id":8,"guid":"5P_cKpGObnMB","title":"Help and Tutorials","index":0,"dateAdded":1430998259627000,"lastModified":1430998259643000,"type":"text/x-moz-place","uri":"https://www.mozilla.org/en-US/firefox/help/","iconuri":"http://www.mozilla.org/2005/made-up-favicon/0-1430998259643"},{"id":9,"guid":"ILQpjGzadDgr","title":"Customize Firefox","index":1,"dateAdded":1430998259643000,"lastModified":1430998259643000,"type":"text/x-moz-place","uri":"https://www.mozilla.org/en-US/firefox/customize/","iconuri":"http://www.mozilla.org/2005/made-up-favicon/1-1430998259644"},{"id":10,"guid":"ZKdPKQip8Gcc","title":"Get Involved","index":2,"dateAdded":1430998259643000,"lastModified":1430998259643000,"type":"text/x-moz-place","uri":"https://www.mozilla.org/en-US/contribute/","iconuri":"http://www.mozilla.org/2005/made-up-favicon/2-1430998259645"},{"id":11,"guid":"uJW8VofGa6vD","title":"About Us","index":3,"dateAdded":1430998259643000,"lastModified":1430998259643000,"type":"text/x-moz-place","uri":"https://www.mozilla.org/en-US/about/","iconuri":"http://www.mozilla.org/2005/made-up-favicon/3-1430998259645"}]}]},{"id":3,"guid":"6DDMml6kWhLV","title":"Bookmarks Toolbar","index":1,"dateAdded":1430998259034000,"lastModified":1430998259783000,"annos":[{"name":"bookmarkProperties/description","flags":0,"expires":4,"value":"Add bookmarks to this folder to see them displayed on the Bookmarks Toolbar"}],"type":"text/x-moz-place-container","root":"toolbarFolder","children":[{"id":12,"guid":"Ky3TYa2NSfu1","title":"Most Visited","index":0,"dateAdded":1430998259783000,"lastModified":1430998259783000,"annos":[{"name":"Places/SmartBookmark","flags":0,"expires":4,"value":"MostVisited"}],"type":"text/x-moz-place","uri":"place:sort=8&maxResults=10"},{"id":6,"guid":"7VRIWeglFtIl","title":"Getting Started","index":1,"dateAdded":1430998259627000,"lastModified":1430998259627000,"type":"text/x-moz-place","uri":"https://www.mozilla.org/en-US/firefox/central/"}]},{"id":5,"guid":"O0rTG62bfQ1P","title":"Unsorted Bookmarks","index":3,"dateAdded":1430998259034000,"lastModified":1430998259627000,"type":"text/x-moz-place-container","root":"unfiledBookmarksFolder"}]}