{"children":[{"id":2,"guid":"-7mnnQzQ9yks","title":"Bookmarks Menu","index":0,"dateAdded":1431048767179000,"lastModified":1431048768143000,"type":"text/x-moz-place-container","root":"bookmarksMenuFolder","children":[{"id":17,"guid":"dzkikVetlFJ6","title":"Recently Bookmarked","index":0,"dateAdded":1431048768143000,"lastModified":1431048768143000,"annos":[{"name":"Places/SmartBookmark","flags":0,"expires":4,"value":"RecentlyBookmarked"}],"type":"text/x-moz-place","uri":"place:folder=BOOKMARKS_MENU&folder=UNFILED_BOOKMARKS&folder=TOOLBAR&queryType=1&sort=12&maxResults=10&excludeQueries=1"},{"id":18,"guid":"G1cNXBuwJRo6","title":"Recent Tags","index":1,"dateAdded":1431048768143000,"lastModified":1431048768143000,"annos":[{"name":"Places/SmartBookmark","flags":0,"expires":4,"value":"RecentTags"}],"type":"text/x-moz-place","uri":"place:type=6&sort=14&maxResults=10"},{"id":8,"guid":"JiS0upZaxYa-","title":"","index":2,"dateAdded":1430998259783000,"lastModified":1430998259783000,"type":"text/x-moz-place-separator"},{"id":9,"guid":"cJiOZkx3WV9z","title":"Mozilla Firefox","index":3,"dateAdded":1430998259627000,"lastModified":1430998259643000,"type":"text/x-moz-place-container","children":[{"id":10,"guid":"-r20vAOp0Glm","title":"Help and Tutorials","index":0,"dateAdded":1430998259627000,"lastModified":1430998259643000,"type":"text/x-moz-place","uri":"https://www.mozilla.org/en-US/firefox/help/"},{"id":11,"guid":"5bhE7bfFx4O5","title":"Customize Firefox","index":1,"dateAdded":1430998259643000,"lastModified":1430998259643000,"type":"text/x-moz-place","uri":"https://www.mozilla.org/en-US/firefox/customize/"},{"id":12,"guid":"X2sAutmZgAvW","title":"Get Involved","index":2,"dateAdded":1430998259643000,"lastModified":1430998259643000,"type":"text/x-moz-place","uri":"https://www.mozilla.org/en-US/contribute/"},{"id":13,"guid":"dvcG5W871PdV","title":"About Us","index":3,"dateAdded":1430998259643000,"lastModified":1430998259643000,"type":"text/x-moz-place","uri":"https://www.mozilla.org/en-US/about/"}]}]},{"id":3,"guid":"8lnX45JAR5-L","title":"Bookmarks Toolbar","index":1,"dateAdded":1431048767179000,"lastModified":1431048768143000,"type":"text/x-moz-place-container","root":"toolbarFolder","children":[{"id":16,"guid":"GrBW39KPkfE4","title":"Most Visited","index":0,"dateAdded":1431048768143000,"lastModified":1431048768143000,"annos":[{"name":"Places/SmartBookmark","flags":0,"expires":4,"value":"MostVisited"}],"type":"text/x-moz-place","uri":"place:sort=8&maxResults=10"},{"id":15,"guid":"4CmUoIZDiqsY","title":"Getting Started","index":1,"dateAdded":1430998259627000,"lastModified":1430998259627000,"type":"text/x-moz-place","uri":"https://www.mozilla.org/en-US/firefox/central/"}]},{"id":5,"guid":"0frP3ZtiMe2p","title":"Unsorted Bookmarks","index":3,"dateAdded":1431048767179000,"lastModified":1431048767993000,"type":"text/x-moz-place-container","root":"unfiledBookmarksFolder"}]}